date,PM10,PM2.5,O3,NO,NO2,NOx,SO2,CO,PRS,RH,TOUT,SR,WSR,WDR,RAINF
2018-01-07,71.68452380952381,28.482142857142858,12.821428571428571,46.65654761904762,24.913095238095234,71.07202380952381,5.6,0.92,720.870238095238,74.54761904761905,8.527440476190476,0.09338095238095238,6.745238095238095,114.14285714285714,0.0004166666666666667
2018-01-14,95.97619047619048,25.154761904761905,20.017857142857142,25.52857142857143,22.101785714285715,46.91904761904762,5.6,0.92,716.9410714285715,46.976190476190474,15.755178571428571,0.13955952380952383,6.807738095238095,121.07738095238095,0.0
2018-01-21,77.64285714285714,32.95238095238095,15.922619047619047,47.320238095238096,25.070238095238096,72.30178571428571,5.6,0.92,719.2571428571429,75.0,9.894107142857143,0.09369047619047619,6.4226190476190474,110.38690476190476,0.0
2018-01-28,68.5952380952381,29.452380952380953,13.273809523809524,33.954166666666666,21.125,54.7047619047619,5.6,0.92,718.4541666666667,65.58928571428571,14.391607142857143,0.07534523809523809,6.776190476190477,95.25,0.0
2018-02-04,80.83333333333333,26.958333333333332,19.732142857142858,21.10892857142857,24.613690476190477,45.09404761904762,5.6,1.3808333333333334,717.4601190476191,46.964285714285715,17.42511904761905,0.09708928571428571,6.919642857142857,145.0297619047619,0.0
2018-02-11,97.60119047619048,42.32142857142857,10.160714285714286,29.007142857142856,22.88154761904762,50.973214285714285,5.6,1.6501785714285715,714.7327380952381,70.41071428571429,16.951964285714286,0.08810714285714286,6.4696428571428575,140.07738095238096,0.00041666666666666664
2018-02-18,74.94047619047619,39.160714285714285,15.785714285714286,14.244047619047619,19.98154761904762,33.388690476190476,5.6,1.4279761904761905,716.3839285714286,78.1547619047619,17.64952380952381,0.10478571428571429,6.389285714285715,97.60119047619048,0.00011904761904761905
2018-02-25,74.91666666666667,33.70238095238095,15.494047619047619,11.388690476190476,20.34464285714286,31.035714285714285,5.6,1.4017857142857142,712.3541666666666,74.79761904761905,20.79440476190476,0.11189285714285713,6.60952380952381,102.67857142857143,0.0013690476190476191
2018-03-04,70.50595238095238,31.68452380952381,25.636904761904763,100.20416666666667,17.07202380952381,116.63095238095238,5.6,1.1775595238095238,713.754761904762,62.92261904761905,21.825,0.14889285714285713,7.335714285714286,101.77380952380952,0.00035714285714285714
2018-03-11,70.60119047619048,24.952380952380953,33.035714285714285,78.1595238095238,19.477380952380955,96.76011904761906,5.6,1.0041071428571429,712.9982142857143,55.32738095238095,21.25559523809524,0.16480357142857144,8.673214285714286,107.2797619047619,0.0
2018-03-18,55.80357142857143,21.654761904761905,29.19047619047619,30.5,20.8,50.5,5.6,1.0725,713.7642857142857,51.607142857142854,21.06059523809524,0.15104166666666666,8.277380952380952,135.98214285714286,0.0002380952380952381
2018-03-25,62.857142857142854,23.541666666666668,31.863095238095237,30.5,20.8,50.5,5.6,1.0729166666666667,712.4315476190476,55.57142857142857,23.65904761904762,0.14948809523809525,8.111904761904762,109.75595238095238,0.0
2018-04-01,57.38690476190476,32.86309523809524,37.375,30.5,20.8,50.5,5.6,0.7815476190476192,711.3113095238095,53.398809523809526,24.588809523809523,0.18051785714285712,8.248809523809523,96.25,0.0
2018-04-08,71.11904761904762,47.0,28.458333333333332,30.5,20.8,50.5,5.6,0.90125,710.3470238095239,59.54761904761905,22.868988095238095,0.1678452380952381,7.590476190476191,103.58333333333333,0.00041666666666666664
2018-04-15,79.39285714285714,38.44047619047619,29.88095238095238,30.5,20.8,50.5,5.6,1.2095238095238094,713.0952380952381,50.24404761904762,22.764166666666668,0.17529166666666668,8.850595238095238,120.56547619047619,0.00011904761904761905
2018-04-22,62.779761904761905,27.452380952380953,32.19642857142857,30.5,20.8,50.5,5.6,2.4982142857142855,713.5196428571429,63.07738095238095,23.18702380952381,0.14526785714285714,8.314880952380953,105.52380952380952,0.00625
2018-04-29,45.279761904761905,21.035714285714285,18.107142857142858,30.5,20.8,50.5,5.6,2.0945833333333335,714.1279761904761,78.64880952380952,20.606964285714284,0.0980654761904762,8.3375,105.14880952380952,0.011309523809523811
2018-05-06,69.16071428571429,32.82142857142857,9.720238095238095,39.61845238095238,26.925595238095237,65.625,4.955357142857143,1.3748214285714286,713.0892857142857,74.97619047619048,24.531011904761904,0.123875,6.850595238095239,112.57738095238095,0.0017857142857142857
2018-05-13,58.94642857142857,26.833333333333332,15.345238095238095,27.297023809523807,18.113690476190477,44.68869047619047,6.527380952380952,1.2163690476190476,713.0398809523809,63.95238095238095,24.88077380952381,0.16203571428571428,8.189285714285713,108.86309523809524,0.0
2018-05-20,51.023809523809526,27.06547619047619,13.714285714285714,26.657142857142855,11.398809523809524,36.736309523809524,10.27797619047619,1.1819642857142856,710.0684523809524,64.67261904761905,27.033869047619046,0.16338690476190476,8.675,116.43452380952381,0.002321428571428571
2018-05-27,43.833333333333336,23.660714285714285,15.755952380952381,30.426190476190477,11.123214285714287,39.57440476190476,6.998809523809523,1.1495238095238096,711.4416666666666,65.14285714285714,27.118392857142858,0.15245833333333333,8.614880952380952,130.94642857142858,0.0009523809523809524
2018-06-03,53.898809523809526,27.708333333333332,17.529761904761905,18.32797619047619,17.07857142857143,34.11964285714286,8.489880952380952,1.1525595238095239,709.4434523809524,58.625,29.365238095238094,0.17304166666666668,8.87797619047619,107.875,0.0
2018-06-10,58.232142857142854,24.488095238095237,17.696428571428573,12.849404761904761,21.558928571428574,33.43273809523809,6.947619047619048,1.0991666666666666,711.3410714285715,56.101190476190474,29.207857142857144,0.17722619047619048,9.09702380952381,114.57142857142857,0.0
2018-06-17,44.982142857142854,21.928571428571427,14.25,11.58452380952381,24.2625,34.34404761904762,4.1363095238095235,1.068690476190476,710.5494047619047,62.625,27.84625,0.1525357142857143,9.789285714285715,124.83928571428571,0.00029761904761904765
2018-06-24,44.79761904761905,26.452380952380953,13.994047619047619,22.17142857142857,30.83511904761905,50.99642857142857,4.763690476190476,1.2395238095238095,709.7392857142856,72.00595238095238,27.061666666666664,0.13055952380952382,6.982142857142857,104.21428571428571,0.039702380952380954
2018-07-01,59.398809523809526,29.392857142857142,16.63095238095238,22.197619047619046,18.896428571428572,38.99464285714286,3.5125,1.0750595238095237,711.8523809523809,62.07738095238095,28.447619047619046,0.15023809523809523,8.5625,119.02380952380952,5.9523809523809524e-05
2018-07-08,68.7202380952381,29.922619047619047,13.898809523809524,15.918452380952383,26.70654761904762,40.82142857142857,1.7434523809523808,1.070297619047619,714.1744047619047,61.68452380952381,27.784702380952382,0.17105357142857142,7.91547619047619,104.88690476190476,0.0025
2018-07-15,73.16071428571429,24.49404761904762,16.50595238095238,12.366666666666665,20.899404761904762,31.718452380952378,2.0136904761904764,1.0329761904761905,714.3404761904761,57.642857142857146,28.196785714285717,0.17868452380952382,8.694642857142858,108.4702380952381,0.0
2018-07-22,84.32738095238095,25.761904761904763,20.458333333333332,8.91607142857143,18.435119047619047,26.572023809523813,1.9196428571428572,0.9935714285714285,712.5797619047619,49.482142857142854,30.430059523809526,0.1968452380952381,8.21547619047619,104.57142857142857,0.0
2018-07-29,79.20238095238095,24.154761904761905,22.892857142857142,5.379166666666667,14.672619047619047,19.682142857142857,5.5095238095238095,0.985654761904762,712.7386904761905,48.29761904761905,31.303630952380953,0.18000595238095238,8.045833333333334,110.68452380952381,0.0
2018-08-05,54.07142857142857,13.678571428571429,25.845238095238095,4.390476190476191,15.360714285714286,19.611309523809524,6.3339285714285705,1.0039285714285715,712.8744047619048,47.845238095238095,30.25535714285714,0.1707440476190476,7.154761904761905,126.26785714285714,0.00125
2018-08-12,51.083333333333336,14.297619047619047,24.452380952380953,7.16547619047619,21.000595238095237,27.70952380952381,12.306547619047619,0.9957142857142858,712.725,53.17261904761905,29.369285714285713,0.1590059523809524,8.10892857142857,137.63690476190476,0.00035714285714285714
2018-08-19,56.041666666666664,17.75595238095238,26.083333333333332,6.623214285714286,17.85892857142857,24.16547619047619,16.854761904761904,0.969404761904762,712.2863095238096,53.93452380952381,29.96357142857143,0.19895833333333332,8.4125,184.41071428571428,0.0
2018-08-26,46.75,10.964285714285714,24.041666666666668,9.813095238095238,14.288095238095238,23.92142857142857,17.320833333333333,0.8271428571428572,713.1541666666666,52.154761904761905,30.005000000000003,0.20121428571428573,9.288690476190476,192.38690476190476,0.0
2018-09-02,50.535714285714285,13.93452380952381,27.541666666666668,5.760119047619048,21.25297619047619,26.742261904761904,18.104761904761904,0.8469047619047619,711.3386904761904,55.80357142857143,29.30261904761905,0.17558333333333334,8.064285714285713,192.75,0.005773809523809524
2018-09-09,42.75595238095238,14.101190476190476,23.547619047619047,7.35,21.376785714285717,28.469047619047622,17.896428571428572,0.904047619047619,711.7559523809524,69.55952380952381,26.86636904761905,0.14180952380952383,7.022619047619047,194.07738095238096,0.025654761904761902
2018-09-16,38.107142857142854,11.607142857142858,22.696428571428573,7.161309523809523,19.00952380952381,26.088690476190475,15.510119047619046,1.0093452380952381,711.5142857142857,70.71428571428571,26.1064880952381,0.13748214285714286,7.123809523809523,159.75,0.007678571428571429
2018-09-23,40.291666666666664,14.898809523809524,8.779761904761905,9.211309523809524,21.835714285714285,30.430357142857144,17.16488095238095,1.0098809523809524,712.0494047619047,70.95238095238095,26.450178571428573,0.11352380952380951,6.777380952380952,174.57142857142858,0.0005357142857142857
2018-09-30,33.535714285714285,14.255952380952381,23.785714285714285,21.38154761904762,23.07857142857143,44.385714285714286,16.91904761904762,1.073154761904762,713.5488095238095,74.89880952380952,25.415535714285717,0.12311309523809524,6.095238095238095,174.8095238095238,0.023928571428571428
2018-10-07,27.06547619047619,10.023809523809524,19.476190476190474,10.132738095238095,20.39464285714286,31.91488095238095,17.189285714285717,0.9118452380952381,712.5547619047619,70.83333333333333,25.911190476190477,0.14199404761904763,7.548214285714285,196.99404761904762,0.00017857142857142857
2018-10-14,23.583333333333332,12.55952380952381,25.428571428571427,7.458333333333333,17.579761904761906,25.908333333333335,17.77857142857143,0.9641666666666666,709.1767857142856,72.04761904761905,26.063214285714285,0.11408333333333334,7.347619047619048,187.1904761904762,0.0019642857142857144
2018-10-21,23.357142857142858,7.244047619047619,9.053571428571429,10.160714285714286,22.935714285714283,35.325,16.23154761904762,1.048154761904762,717.1375,84.5297619047619,15.61017857142857,0.05468452380952381,8.376190476190477,142.01190476190476,0.008452380952380953
2018-10-28,63.720238095238095,22.458333333333332,15.351190476190476,11.338095238095239,24.81785714285714,36.60892857142857,14.957142857142859,1.150059523809524,714.7726190476191,79.32738095238095,18.486785714285716,0.089625,5.7422619047619055,150.04761904761904,0.0007738095238095238
2018-11-04,65.02380952380952,17.63095238095238,22.339285714285715,11.31547619047619,21.475595238095238,31.017857142857142,16.995238095238093,0.980297619047619,712.6416666666667,67.78571428571429,21.736369047619046,0.11716666666666667,6.538095238095239,159.2202380952381,0.0
2018-11-11,66.72619047619048,23.232142857142858,21.476190476190474,15.492261904761904,21.267857142857142,35.157738095238095,13.89642857142857,1.751547619047619,713.2875,74.64880952380952,20.60327380952381,0.08911904761904761,6.225,118.73809523809524,0.001011904761904762
2018-11-18,76.14880952380952,20.11904761904762,16.726190476190474,36.37678571428572,36.217261904761905,68.68988095238095,14.494642857142857,1.32625,718.7821428571428,56.279761904761905,13.325654761904762,0.12070833333333333,7.016071428571429,132.1547619047619,0.00011904761904761905
2018-11-25,56.089285714285715,18.339285714285715,11.279761904761905,23.053571428571427,32.02619047619047,51.80595238095238,11.19702380952381,0.8688095238095238,715.135119047619,75.7202380952381,15.730476190476189,0.06785714285714287,6.1380952380952385,93.85119047619048,0.0004166666666666667
2018-12-02,95.98214285714286,26.74291666666667,27.238095238095237,36.30595238095238,40.9,76.93452380952381,13.8,1.0645238095238096,711.9160714285714,49.42857142857143,18.650357142857143,0.11907738095238095,6.041666666666667,121.98214285714286,0.0
2018-12-09,43.517857142857146,13.87577380952381,12.964285714285714,16.6875,37.269642857142856,49.641666666666666,10.752380952380953,0.8008928571428572,717.2017857142857,81.33928571428571,15.20517857142857,0.05151190476190476,6.475595238095239,96.27380952380952,0.004285714285714286
2018-12-16,68.81547619047619,15.108154761904762,19.958333333333332,28.676785714285714,35.41726190476191,62.63809523809524,18.675,0.9076785714285714,717.4220238095238,47.976190476190474,15.630833333333333,0.10664880952380953,8.02142857142857,177.36904761904762,0.0019047619047619048
2018-12-23,69.45833333333333,145.25255952380954,22.99404761904762,31.38035714285714,35.83273809523809,65.76488095238095,18.044642857142858,1.2151785714285714,714.4565476190476,37.595238095238095,18.289523809523807,0.10866666666666666,8.05297619047619,169.53571428571428,0.0
2018-12-30,65.625,45.99404761904762,19.113095238095237,17.89047619047619,30.91785714285714,50.07321428571428,11.51845238095238,1.06875,712.3392857142857,70.32142857142857,15.626130952380953,0.08914880952380952,6.485714285714285,97.42261904761905,0.0004166666666666667
2019-01-06,91.70833333333333,45.029761904761905,14.994047619047619,45.907738095238095,43.11190476190476,81.5577380952381,14.62202380952381,1.248392857142857,714.6113095238095,66.61309523809524,13.600000000000001,0.09794047619047619,5.973809523809524,130.58928571428572,5.9523809523809524e-05
2019-01-13,58.94642857142857,22.738095238095237,16.208333333333332,28.285714285714285,38.88809523809524,70.85178571428571,11.923809523809524,1.1136904761904762,717.4839285714286,75.92857142857143,16.423035714285714,0.06646428571428571,6.237500000000001,105.66071428571429,0.004226190476190476
2019-01-20,87.11904761904762,31.952380952380953,14.875,28.95357142857143,37.39047619047619,63.9952380952381,12.58095238095238,1.0804166666666666,718.1178571428571,70.57738095238095,14.462499999999999,0.09021428571428572,6.157738095238095,103.64880952380952,0.0006547619047619047
2019-01-27,70.41666666666667,20.0,19.636904761904763,23.488095238095237,37.21071428571428,70.4952380952381,11.976190476190476,0.9016666666666666,715.114880952381,58.80357142857143,14.549107142857142,0.10558333333333333,7.188690476190477,103.85714285714286,0.0020833333333333333
2019-02-03,75.86309523809524,25.303571428571427,23.142857142857142,20.089285714285715,36.79702380952381,58.61547619047619,12.725595238095238,0.9022619047619048,714.2375,64.0952380952381,15.535833333333333,0.12735714285714286,6.897619047619047,108.20833333333333,0.0
2019-02-10,99.94642857142857,38.13095238095238,20.458333333333332,26.889880952380953,38.30059523809524,69.12678571428572,13.21845238095238,1.129702380952381,714.8827380952381,63.839285714285715,16.956666666666667,0.08004761904761905,6.5339285714285715,114.58333333333333,0.00011904761904761905
2019-02-17,107.79166666666667,31.095238095238095,24.541666666666668,40.39345238095238,42.43928571428572,82.32321428571429,11.864880952380952,1.2549404761904763,711.485119047619,47.11904761904762,21.02452380952381,0.137375,6.094047619047619,126.32738095238095,0.00035714285714285714
2019-02-24,75.68452380952381,21.636904761904763,28.75595238095238,21.31845238095238,33.47857142857143,57.60654761904762,10.763095238095238,1.0754761904761905,712.3815476190476,55.535714285714285,16.883035714285715,0.11649404761904762,7.517857142857143,100.60119047619048,0.0
2019-03-03,78.10714285714286,19.547619047619047,26.916666666666668,22.64761904761905,37.40714285714286,59.83988095238095,8.166666666666666,1.05,713.2505952380952,65.5952380952381,21.91785714285714,0.13684523809523808,6.8898809523809526,109.79166666666667,0.001726190476190476
2019-03-10,78.78571428571429,24.750833333333336,23.857142857142858,40.23392857142857,40.69345238095238,80.59166666666667,6.249404761904763,0.8935119047619049,715.3619047619047,67.86309523809524,15.618035714285714,0.12091666666666667,6.862500000000001,111.79166666666667,0.0005952380952380953
2019-03-17,75.25595238095238,29.61904761904762,34.54761904761905,28.91785714285714,30.12142857142857,58.51071428571428,6.980952380952381,0.6380952380952382,714.3630952380952,54.791666666666664,19.861607142857142,0.12610714285714286,8.1625,108.64880952380952,0.0035714285714285713
2019-03-24,53.095238095238095,25.660714285714285,43.470238095238095,19.20714285714286,30.761904761904763,49.585119047619045,4.554166666666667,0.6086904761904762,716.2375,78.14880952380952,16.693690476190476,0.08517261904761905,6.22797619047619,106.16666666666667,0.00636904761904762
2019-03-31,56.148809523809526,27.55952380952381,32.898809523809526,13.223214285714286,21.03452380952381,33.848214285714285,5.430357142857143,0.6183333333333333,714.9964285714285,77.57738095238095,19.629285714285714,0.09363690476190475,7.936904761904763,97.67261904761905,0.011250000000000001
2019-04-07,70.20238095238095,21.30952380952381,56.339285714285715,10.420833333333334,15.00297619047619,25.6875,7.104761904761904,0.6211904761904762,713.0315476190476,61.892857142857146,20.79714285714286,0.15144047619047618,6.97797619047619,126.47619047619048,0.0
2019-04-14,117.88095238095238,26.321428571428573,20.0,13.711309523809524,20.675,33.925,6.713095238095238,0.5571428571428572,709.3857142857144,30.672619047619047,26.027738095238096,0.3850297619047619,8.389285714285714,122.83333333333333,0.0
2019-04-21,68.29166666666667,20.94047619047619,20.0,14.979761904761904,19.123809523809523,33.72202380952381,8.548809523809524,0.5122619047619048,711.6321428571429,44.357142857142854,24.764226190476194,0.22503571428571428,8.236904761904762,96.32142857142857,0.0
2019-04-28,55.82738095238095,18.339285714285715,20.0,10.366071428571429,16.875,26.859523809523807,7.982738095238095,0.5019047619047619,711.1172619047619,52.083333333333336,25.215238095238096,0.17870833333333333,8.275,99.83928571428571,0.0
2019-05-05,67.11309523809524,32.904761904761905,20.0,5.071428571428571,13.65952380952381,18.29345238095238,6.0875,0.6339285714285714,709.2327380952381,67.30952380952381,25.633511904761907,0.12105952380952381,7.526785714285714,100.48214285714286,5.9523809523809524e-05
2019-05-12,50.720238095238095,22.464285714285715,20.0,13.654166666666667,7.64702380952381,19.976190476190474,7.791666666666667,0.577202380952381,709.114880952381,71.35119047619048,24.06714285714286,0.1275654761904762,8.320833333333335,91.75595238095238,0.0025595238095238093
2019-05-19,51.97005988023952,23.964285714285715,20.214285714285715,47.33869047619047,7.523214285714286,48.838095238095235,7.9425149700598805,0.5295209580838324,709.9886227544911,71.62275449101796,25.70149700598802,0.15299401197604792,7.740718562874251,107.51497005988024,0.019580838323353295
2019-05-26,72.96428571428571,29.642857142857142,20.0,22.40714285714286,6.314285714285714,26.54583333333333,5.4261904761904765,0.491547619047619,708.4827380952381,60.517857142857146,28.860952380952384,0.16816666666666666,9.811309523809523,114.2797619047619,0.0
2019-06-02,49.82738095238095,20.551309523809522,20.0,5.930952380952381,6.397619047619047,13.098809523809523,5.340476190476191,0.35583333333333333,709.1607142857143,62.55952380952381,28.195119047619045,0.1538154761904762,8.858333333333334,104.9702380952381,0.0004761904761904762
2019-06-09,49.148809523809526,16.458333333333332,20.0,5.2,7.1,12.1,3.3863095238095235,0.33452380952380956,709.5654761904761,51.81547619047619,31.190892857142856,0.20317857142857143,7.677380952380952,114.5952380952381,0.009761904761904763
2019-06-16,50.05952380952381,23.404761904761905,20.0,5.2,7.1,12.1,3.6964285714285716,0.3057738095238095,713.307738095238,60.398809523809526,28.11875,0.20775595238095237,8.464285714285714,96.01190476190476,0.00625
2019-06-23,58.86904761904762,24.75642857142857,20.0,5.942261904761905,10.019642857142857,15.976190476190476,5.940476190476191,0.2180952380952381,709.4773809523809,52.48809523809524,31.28595238095238,0.22482738095238095,9.718452380952382,103.07142857142857,0.0
2019-06-30,53.69047619047619,24.827380952380953,25.083333333333332,5.3255952380952385,6.394047619047619,11.720833333333333,5.727380952380953,0.40827380952380954,713.3607142857143,58.857142857142854,28.09940476190476,0.2265,9.470238095238095,112.11309523809524,0.0
2019-07-07,56.976190476190474,20.821428571428573,34.75,7.0755952380952385,6.2160714285714285,12.89345238095238,3.9892857142857148,0.46613095238095237,712.0315476190476,54.839285714285715,29.633392857142855,0.19058333333333333,7.745238095238095,115.63690476190476,0.0
2019-07-14,55.79761904761905,18.69047619047619,39.898809523809526,12.842261904761905,7.456547619047619,19.763095238095236,4.046428571428571,0.5272023809523809,711.557738095238,50.214285714285715,30.249464285714286,0.1849940476190476,7.3898809523809526,127.86309523809524,0.0007142857142857144
2019-07-21,56.81547619047619,19.773809523809526,34.63690476190476,8.789880952380953,5.539880952380953,12.472619047619048,3.1702380952380955,0.4368452380952381,711.5720238095239,50.55357142857143,30.24452380952381,0.20971428571428571,8.810714285714287,102.77380952380952,0.0
2019-07-28,45.267857142857146,28.761904761904763,41.68452380952381,13.563095238095238,7.495833333333333,16.764285714285716,1.6880952380952383,0.4301190476190476,714.4,56.68452380952381,27.87488095238095,0.1848095238095238,8.197619047619048,114.75,0.003392857142857143
2019-08-04,60.523809523809526,19.892857142857142,34.82142857142857,4.932142857142857,2.825,6.436904761904763,2.751190476190476,0.3005357142857143,712.7416666666667,48.11309523809524,29.83178571428571,0.20385119047619046,7.463690476190477,94.17261904761905,0.0
2019-08-11,52.910714285714285,17.553571428571427,34.583333333333336,5.5339285714285715,4.226785714285715,10.735119047619047,5.489285714285715,0.2833333333333333,711.1642857142857,49.13690476190476,31.51928571428571,0.2056547619047619,8.249404761904762,96.61904761904762,0.0
2019-08-18,55.79761904761905,18.488095238095237,34.32142857142857,3.242261904761905,0.799404761904762,3.850595238095238,9.614285714285714,0.34297619047619043,711.0517857142856,48.095238095238095,31.798333333333332,0.2023095238095238,8.202976190476189,93.50595238095238,0.001130952380952381
2019-08-25,32.958333333333336,18.303571428571427,32.04761904761905,3.4279761904761905,4.095833333333333,8.944047619047618,9.511904761904763,0.33458333333333334,711.3130952380952,57.404761904761905,29.563511904761906,0.17921428571428571,8.644047619047619,115.68452380952381,0.02238095238095238
2019-09-01,39.607142857142854,23.202380952380953,28.541666666666668,2.598809523809524,1.3494047619047618,7.086904761904761,6.573214285714285,0.36815476190476193,712.0130952380953,59.73809523809524,28.961369047619048,0.17211309523809523,7.292261904761904,91.11904761904762,0.006964285714285714
2019-09-08,57.375,18.773809523809526,6.583333333333333,2.261904761904762,5.632738095238095,22.036904761904765,6.194642857142857,0.2810714285714286,713.3791666666666,67.42857142857143,26.378630952380952,0.1369107142857143,7.715476190476191,128.71428571428572,0.10351190476190476
2019-09-15,47.13095238095238,16.636904761904763,30.86904761904762,1.9648809523809525,4.276785714285714,8.682738095238095,13.25,0.5566071428571429,714.0166666666667,64.99404761904762,26.693511904761905,0.15232142857142858,7.801190476190476,104.13095238095238,0.0
2019-09-22,49.40119760479042,20.922155688622755,20.077844311377245,1.5520958083832335,5.4664670658682635,9.808982035928143,13.832335329341317,0.904071856287425,711.7982035928144,64.11377245508982,27.98556886227545,0.146311377245509,7.202994011976048,104.08982035928143,0.0
2019-09-29,43.726190476190474,15.630952380952381,16.0,1.6136904761904762,5.498809523809523,10.05,15.749404761904762,0.9725595238095239,710.9136904761905,68.54166666666667,26.978392857142858,0.16949999999999998,7.951785714285715,93.125,0.0
2019-10-06,39.654761904761905,14.994047619047619,27.99404761904762,3.635119047619048,4.693452380952381,8.99702380952381,18.336904761904762,1.0113690476190476,712.475,64.26785714285714,26.80184523809524,0.16341666666666668,8.298214285714286,123.00595238095238,0.0010714285714285715
2019-10-13,59.398809523809526,17.821428571428573,34.13690476190476,3.661309523809524,6.738095238095238,12.123809523809523,13.316666666666666,1.090952380952381,713.2660714285714,59.43452380952381,23.836547619047618,0.13103571428571428,7.873809523809523,94.46428571428571,0.0005952380952380952
2019-10-20,60.625,20.553571428571427,34.49404761904762,4.0476190476190474,7.862500000000001,14.116666666666665,11.80297619047619,1.092202380952381,710.7428571428571,63.19642857142857,25.234345238095237,0.11874404761904762,6.544047619047619,111.52380952380952,5.9523809523809524e-05
2019-10-27,53.07738095238095,19.13095238095238,34.666666666666664,3.8375000000000004,6.7285714285714295,12.242261904761904,14.952976190476189,0.7997023809523809,713.510119047619,53.30952380952381,22.525119047619047,0.12414285714285715,8.626785714285713,124.39880952380952,0.0
2019-11-03,48.839285714285715,18.172619047619047,28.738095238095237,2.8815476190476192,7.990476190476191,14.070833333333335,12.337499999999999,0.6674404761904762,720.4988095238095,54.11904761904762,17.267261904761906,0.08846428571428572,6.3101190476190485,102.89285714285714,0.0
2019-11-10,49.88690476190476,19.178571428571427,21.535714285714285,3.1089285714285713,8.494642857142857,17.3875,13.027380952380952,0.7775595238095238,716.152380952381,71.89880952380952,19.97202380952381,0.08017857142857143,6.5625,102.79166666666667,0.001011904761904762
2019-11-17,62.69642857142857,23.071428571428573,24.88095238095238,9.108333333333334,11.927380952380952,24.670238095238098,11.707142857142857,0.8541666666666666,717.8053571428571,65.08333333333333,13.320714285714287,0.10249404761904762,6.8964285714285705,103.19047619047619,0.0013095238095238095
2019-11-24,66.1547619047619,29.06547619047619,29.636904761904763,0.9005952380952381,10.581547619047619,19.73452380952381,13.504166666666666,0.9624404761904761,712.6214285714285,67.58333333333333,20.917440476190478,0.10718452380952381,5.717857142857143,115.20238095238095,5.9523809523809524e-05
2019-12-01,112.35714285714286,33.910714285714285,31.416666666666668,1.4422619047619047,13.96607142857143,25.515476190476193,15.578571428571427,1.3771428571428572,711.9315476190476,42.99404761904762,21.878154761904764,0.11060714285714286,6.377380952380953,159.19642857142858,0.0
2019-12-08,80.03571428571429,24.785714285714285,39.61904761904762,2.6982142857142857,14.636904761904763,22.679166666666667,13.327976190476189,1.0733928571428573,715.7809523809524,43.851190476190474,20.038035714285712,0.11764880952380953,5.966666666666667,118.04166666666667,0.0
2019-12-15,91.32934131736526,29.74934131736527,22.934131736526947,4.222155688622754,15.019161676646705,26.06047904191617,15.25568862275449,1.354491017964072,713.7233532934132,48.0059880239521,19.444670658682636,0.09764071856287426,6.741916167664671,129.78443113772454,0.0
2019-12-22,59.125748502994014,20.20359281437126,22.51497005988024,1.4473053892215568,11.028742514970059,19.377245508982035,14.355688622754492,0.6569461077844311,718.8604790419162,39.65868263473054,14.567904191616767,0.08425149700598802,7.247904191616767,118.64071856287426,0.00047904191616766467
2019-12-29,63.74850299401198,28.353293413173652,20.84431137724551,1.378443113772455,12.221556886227544,19.79640718562874,15.616167664670659,0.747245508982036,711.7245508982036,59.880239520958085,18.945988023952097,0.084562874251497,5.7371257485029945,113.79640718562874,0.0
2020-01-05,41.68263473053892,19.682634730538922,26.32934131736527,2.764670658682635,8.095209580838324,13.155089820359281,17.96706586826347,0.49077844311377244,715.5197604790419,54.550898203592816,15.59245508982036,0.09080239520958083,7.34191616766467,186.23353293413174,0.0041916167664670665
2020-01-12,71.01190476190476,23.946428571428573,26.470238095238095,6.073214285714285,13.341666666666667,22.513095238095236,16.821428571428573,0.8323809523809524,715.3904761904762,47.32142857142857,18.029880952380953,0.10918452380952381,6.33452380952381,128.3095238095238,0.0
2020-01-19,74.22619047619048,29.54678571428571,19.06547619047619,5.689880952380952,13.89345238095238,25.433333333333334,22.104166666666668,1.315357142857143,716.5113095238095,69.54761904761905,19.14297619047619,0.05775595238095238,5.801785714285715,124.91666666666667,0.0036904761904761906
2020-01-26,51.82142857142857,20.958333333333332,25.107142857142858,15.561309523809525,16.066666666666666,37.507738095238096,19.936904761904763,0.909047619047619,716.2898809523809,64.13690476190476,16.16190476190476,0.07672619047619048,6.526785714285714,117.44642857142857,0.0
2020-02-02,66.36144578313252,23.078795180722892,27.13855421686747,30.03433734939759,38.77349397590361,68.4301204819277,20.626506024096386,0.8363253012048194,715.0042168674698,50.55421686746988,16.77680722891566,0.10555421686746987,7.073493975903615,110.62048192771084,0.0
2020-02-09,86.10714285714286,25.154761904761905,23.095238095238095,44.11190476190476,44.71666666666666,88.40595238095237,21.085714285714285,1.117797619047619,710.0214285714286,47.232142857142854,18.625178571428574,0.1135952380952381,6.874404761904763,138.07738095238096,5.9523809523809524e-05
2020-02-16,61.93452380952381,29.071428571428573,30.107142857142858,40.625595238095244,47.98511904761905,88.54761904761905,7.749404761904763,0.8522023809523809,714.0708333333333,65.74404761904762,16.849047619047617,0.09178571428571429,6.987500000000001,100.58333333333333,0.0
2020-02-23,51.517857142857146,21.041666666666668,28.696428571428573,39.58392857142857,46.304761904761904,85.91011904761905,7.104761904761904,0.7579761904761905,716.4821428571429,67.89880952380952,16.294761904761906,0.08642857142857142,7.1172619047619055,95.96428571428571,0.001011904761904762
2020-03-01,65.44047619047619,20.625,35.875,43.62857142857143,57.74702380952381,101.27380952380952,6.701190476190476,0.7079166666666666,716.1904761904761,37.73809523809524,18.23369047619048,0.16295238095238096,7.669047619047619,100.16666666666667,0.0
2020-03-08,55.42857142857143,23.029761904761905,35.92261904761905,38.794642857142854,60.19702380952381,98.87261904761904,6.369047619047619,0.6807142857142857,714.5291666666666,50.160714285714285,20.896130952380954,0.12814285714285714,7.975595238095239,107.08333333333333,0.0
2020-03-15,57.05952380952381,25.482142857142858,30.38095238095238,34.95238095238095,58.61785714285714,93.60238095238095,6.3827380952380945,0.7569047619047619,713.9541666666667,63.44047619047619,23.59202380952381,0.10304761904761905,6.714880952380952,90.13095238095238,5.9523809523809524e-05
2020-03-22,41.220238095238095,19.267857142857142,24.410714285714285,30.109523809523807,51.016666666666666,80.97797619047618,5.6154761904761905,0.6166071428571429,714.0041666666666,72.44047619047619,21.87357142857143,0.09116666666666667,7.019642857142857,91.36904761904762,0.004047619047619048
2020-03-29,64.44047619047619,34.94642857142857,36.82142857142857,6.697023809523809,10.769047619047619,17.30654761904762,12.87202380952381,0.9279761904761905,710.0869047619047,55.214285714285715,26.33666666666667,0.1318214285714286,7.267857142857143,97.51190476190476,5.9523809523809524e-05
2020-04-05,45.56547619047619,38.857142857142854,25.61904761904762,16.663095238095238,17.719047619047622,33.83452380952381,10.432738095238095,0.5543452380952381,711.0130952380953,68.79761904761905,22.540535714285713,0.10580357142857141,7.308928571428572,88.3452380952381,0.002440476190476191
2020-04-12,64.17469879518072,20.102409638554217,27.67065868263473,11.183832335329342,35.2185628742515,31.70419161676647,10.023493975903614,0.7094578313253012,709.3210843373494,43.6144578313253,28.76409638554217,0.2982409638554217,11.399397590361446,180.34939759036143,0.0012048192771084338
2020-04-19,34.88690476190476,18.726190476190474,23.589285714285715,23.448809523809523,35.197023809523806,27.629761904761907,8.292261904761904,1.2696428571428573,712.6178571428571,63.26190476190476,21.701785714285716,0.15960119047619048,7.188095238095237,110.69642857142857,0.0
2020-04-26,62.07142857142857,11.56547619047619,48.476190476190474,2.2214285714285715,7.664285714285714,7.569047619047619,0.6,1.1998809523809524,710.027380952381,51.55952380952381,28.185416666666665,0.16545238095238096,7.6327380952380945,107.16071428571429,0.0020833333333333337
2020-05-03,42.785714285714285,14.0,50.404761904761905,2.4934523809523808,7.023809523809524,9.424404761904762,0.6,1.02,712.8434523809524,53.714285714285715,26.87738095238095,0.18554166666666666,7.977380952380953,118.54166666666667,0.0
2020-05-10,40.660714285714285,11.029761904761905,47.232142857142854,2.017857142857143,6.947619047619048,9.49345238095238,0.6,1.02,713.3565476190475,58.42857142857143,25.539583333333333,0.14877380952380953,8.116071428571429,118.25,0.0017857142857142857
2020-05-17,38.232142857142854,10.291666666666666,42.642857142857146,2.2214285714285715,5.6625,7.998214285714286,0.6,1.02,710.4148809523809,64.64285714285714,26.232857142857142,0.17792857142857144,8.020238095238096,104.94047619047619,0.004821428571428572
2020-05-24,46.517857142857146,16.303571428571427,49.19642857142857,2.1517857142857144,6.619642857142857,9.185714285714287,0.6,1.02,708.8196428571429,57.410714285714285,28.319285714285716,0.18341666666666667,7.931547619047619,107.9047619047619,0.0007142857142857143
2020-05-31,33.365269461077844,9.173652694610778,46.125748502994014,2.2622754491017965,5.656287425149701,7.905988023952095,0.6,1.02,712.3215568862275,61.724550898203596,25.575149700598804,0.1609940119760479,7.483832335329341,111.02395209580838,0.012874251497005988
2020-06-07,30.035714285714285,30.49404761904762,34.720238095238095,2.6785714285714284,3.3970238095238097,6.1035714285714295,0.6,1.02,711.7345238095238,62.54761904761905,27.270238095238092,0.19806547619047618,8.136309523809524,102.60119047619048,0.0017857142857142857
2020-06-14,44.538922155688624,15.293413173652695,50.25149700598802,2.6736526946107784,5.601197604790419,8.295209580838323,0.6,1.02,713.8473053892216,54.05988023952096,27.594131736526947,0.1818682634730539,7.379640718562875,114.51497005988024,0.018323353293413173
2020-06-21,28.208333333333332,24.297619047619047,32.05952380952381,1.6095238095238094,4.404166666666667,7.15,0.6,1.02,713.0077380952381,61.49404761904762,27.582678571428573,0.19614285714285712,8.657738095238095,108.0952380952381,0.0
2020-06-28,52.74850299401198,12.622754491017965,28.293413173652695,7.565269461077845,6.230538922155689,13.579640718562874,0.6,1.02,711.3664670658683,64.72455089820359,27.566107784431136,0.17334730538922158,7.362874251497005,113.42514970059881,0.004850299401197605
2020-07-05,65.76646706586827,48.25149700598802,28.077844311377245,2.6491017964071855,6.133532934131736,8.858083832335328,0.6,1.0162275449101796,710.7431137724551,58.706586826347305,29.229820359281437,0.17300000000000001,7.226347305389221,106.92215568862275,0.0
2020-07-12,60.80357142857143,45.273809523809526,32.0,2.5113095238095235,5.132142857142857,7.64702380952381,0.6,1.020952380952381,711.1089285714286,52.607142857142854,30.68422619047619,0.21541666666666665,8.533928571428572,106.69047619047619,0.0
2020-07-19,74.98809523809524,14.660714285714286,31.732142857142858,2.6464285714285714,4.7839285714285715,7.411309523809523,2.1166666666666667,0.9357142857142856,711.9238095238095,55.101190476190474,29.44654761904762,0.18822023809523808,8.31547619047619,101.2202380952381,0.013452380952380952
2020-07-26,42.61904761904762,15.0,29.476190476190474,2.300595238095238,2.680357142857143,4.920238095238095,1.693452380952381,0.8907738095238096,710.4136904761905,59.73809523809524,28.179345238095237,0.13597619047619047,7.9505952380952385,141.29761904761904,0.08863095238095238
2020-08-02,54.29761904761905,15.0,35.81547619047619,4.132142857142857,2.4886904761904765,6.607142857142857,1.7613095238095238,0.9175595238095239,712.7309523809524,72.28571428571429,25.678928571428575,0.12874404761904762,7.300595238095238,102.67261904761905,0.03517857142857143
2020-08-09,45.607142857142854,15.0,28.142857142857142,1.7535714285714288,1.5672619047619047,3.080952380952381,0.6696428571428571,0.9235119047619048,713.5386904761905,59.19642857142857,28.418095238095237,0.20369642857142858,8.735119047619047,103.73809523809524,0.0
2020-08-16,54.32738095238095,15.0,29.44047619047619,4.530357142857143,1.5678571428571426,6.069047619047619,0.7,1.1820238095238096,712.4761904761905,56.470238095238095,28.588988095238093,0.2030595238095238,8.16904761904762,92.9047619047619,0.0
2020-08-23,47.57738095238095,15.0,35.94642857142857,2.824404761904762,1.9107142857142858,4.536904761904762,1.1333333333333333,1.1638095238095238,711.9214285714286,49.88690476190476,29.404940476190475,0.1914107142857143,7.4035714285714285,103.06547619047619,0.0
2020-08-30,46.791666666666664,15.0,4.0,1.5952380952380953,1.7380952380952381,3.1488095238095237,0.8291666666666667,1.1735714285714285,710.1488095238095,55.25,29.49547619047619,0.18085714285714286,7.2821428571428575,99.28571428571429,0.00041666666666666664
2020-09-06,81.80357142857143,17.0,4.779761904761905,1.9327380952380953,2.149404761904762,4.039285714285715,1.7928571428571427,1.1932738095238096,713.0601190476191,69.07738095238095,27.730773809523807,0.12391666666666667,7.0875,94.19642857142857,0.015833333333333335
2020-09-13,69.64285714285714,20.321428571428573,12.851190476190476,2.5351190476190473,2.086904761904762,4.603571428571429,1.7833333333333334,1.3332142857142857,712.552380952381,74.73214285714286,23.55125,0.08171428571428571,5.999404761904762,101.27380952380952,0.022738095238095238
2020-09-20,50.73809523809524,20.601190476190474,32.732142857142854,1.5833333333333333,1.7226190476190475,3.308333333333333,4.167857142857143,1.3630357142857144,714.175,66.82142857142857,24.99875,0.1222797619047619,6.520833333333333,146.77380952380952,0.010833333333333332
2020-09-27,65.5952380952381,21.61904761904762,50.660714285714285,1.5107142857142857,2.5672619047619047,4.104166666666667,4.791071428571429,1.5301785714285714,711.6958333333333,53.279761904761905,27.049999999999997,0.17307142857142857,6.1875,129.8154761904762,0.0
2020-10-04,57.779761904761905,44.291666666666664,40.142857142857146,1.6232142857142857,2.5458333333333334,4.150595238095238,1.7982142857142855,1.3004761904761903,715.7833333333334,44.023809523809526,23.83970238095238,0.1659345238095238,7.522619047619047,108.68452380952381,0.0
2020-10-11,72.875,66.0,39.642857142857146,1.6767857142857143,3.2107142857142854,4.875,1.4392857142857143,1.5199404761904762,712.5851190476191,37.875,26.24857142857143,0.16023214285714285,5.6375,150.64880952380952,0.0
2020-10-18,67.75595238095238,66.0,14.821428571428571,1.7613095238095238,2.9047619047619047,4.594642857142857,1.1279761904761905,1.4257738095238095,713.6339285714286,53.92857142857143,26.010773809523812,0.1281547619047619,6.567261904761905,116.04761904761905,0.0
2020-10-25,67.00595238095238,66.0,9.380952380952381,2.3523809523809525,2.3345238095238097,4.661309523809524,0.8261904761904763,1.4002380952380953,712.1125,64.48809523809524,25.014702380952382,0.11704166666666667,6.9375,103.98809523809524,0.0
2020-11-01,59.18452380952381,42.11904761904762,14.30952380952381,2.9666666666666663,3.1380952380952385,6.093452380952381,0.5,1.3679166666666667,715.1720238095238,52.75595238095238,18.727440476190477,0.1261547619047619,7.193452380952381,96.91666666666667,5.9523809523809524e-05
2020-11-08,57.49404761904762,11.535714285714286,26.154761904761905,2.142857142857143,2.669047619047619,4.814880952380952,0.7904761904761906,1.333392857142857,716.625,56.29761904761905,20.849166666666665,0.1304345238095238,6.699404761904762,99.42857142857143,0.0
2020-11-15,58.410714285714285,18.988095238095237,23.49404761904762,2.236904761904762,2.725,4.9488095238095235,1.125595238095238,1.5576190476190477,711.9886904761905,65.67261904761905,23.430892857142858,0.09582142857142857,6.413690476190476,106.24404761904762,0.0
2020-11-22,65.66071428571429,12.148809523809524,26.55952380952381,1.630952380952381,2.1351190476190474,3.632738095238095,0.7494047619047619,1.3299404761904763,718.9821428571429,66.44047619047619,20.42720238095238,0.07914880952380952,6.744642857142857,113.72619047619048,0.0006547619047619047
2020-11-29,98.11309523809524,23.672619047619047,5.279761904761905,2.2303571428571427,3.5267857142857144,5.741071428571429,0.6130952380952381,1.6317857142857142,713.1797619047619,55.99404761904762,22.018630952380953,0.10582142857142857,6.773809523809524,108.20238095238095,0.00011904761904761905
2020-12-06,74.125,19.726190476190474,4.916666666666667,1.8494047619047618,2.8238095238095235,4.629166666666667,0.5,1.3675595238095237,717.9017857142857,41.226190476190474,12.797619047619047,0.11369642857142856,7.041666666666667,110.19642857142857,0.0
2020-12-13,111.01190476190476,17.511904761904763,4.940476190476191,13.423809523809522,13.489285714285714,12.870238095238093,0.7208333333333333,1.8946428571428573,714.697619047619,40.25,19.570416666666667,0.11024999999999999,5.711309523809524,173.36309523809524,0.0
2020-12-20,111.19161676646706,14.347305389221557,17.25748502994012,15.809580838323352,15.8125748502994,15.208383233532935,3.1,1.6574850299401198,715.7005988023952,38.365269461077844,15.358982035928143,0.11535928143712575,6.563473053892215,114.39520958083833,0.0
2020-12-27,97.70833333333333,17.613095238095237,24.529761904761905,15.813095238095238,15.869047619047619,15.217261904761905,3.1000000000000005,1.7477380952380952,715.979761904762,34.38690476190476,15.463095238095239,0.09721428571428573,5.675,157.98214285714286,0.0
2021-01-03,73.92261904761905,15.869047619047619,26.464285714285715,16.14404761904762,16.060714285714287,15.338690476190477,3.1000000000000005,1.518154761904762,712.6226190476191,53.44642857142857,15.197440476190476,0.10682142857142858,7.51547619047619,151.17261904761904,0.00011904761904761905
2021-01-10,70.05952380952381,12.583333333333334,25.80952380952381,16.045833333333334,15.983333333333334,15.3,3.1000000000000005,1.7748214285714288,715.6690476190475,48.523809523809526,15.49261904761905,0.09977976190476191,6.819642857142857,134.5595238095238,0.0009523809523809524
2021-01-17,80.49404761904762,14.291666666666666,25.636904761904763,16.01011904761905,15.956547619047617,15.3,3.1000000000000005,1.7809523809523808,717.4869047619047,44.55952380952381,12.693095238095239,0.10149999999999999,6.384523809523809,142.875,0.0002380952380952381
2021-01-24,94.2797619047619,21.779761904761905,17.928571428571427,16.13511904761905,15.970238095238095,15.3,3.1000000000000005,2.1124404761904763,712.9994047619048,70.88095238095238,17.721011904761905,0.08439880952380953,5.27202380952381,120.03571428571429,0.0005952380952380953
2021-01-31,80.88095238095238,13.119047619047619,15.696428571428571,16.285714285714285,16.09166666666667,15.3,3.1000000000000005,1.770714285714286,714.2732142857143,44.845238095238095,19.899583333333332,0.1241547619047619,7.376190476190477,107.81547619047619,0.0
2021-02-07,82.91666666666667,13.327380952380953,14.517857142857142,16.258928571428573,16.085714285714285,15.37797619047619,3.1000000000000005,1.6897619047619048,712.7755952380952,41.54761904761905,19.412261904761905,0.12167857142857143,6.851785714285714,103.5952380952381,0.0
2021-02-14,72.07738095238095,13.464285714285714,6.035714285714286,16.242857142857144,15.961309523809524,15.404761904761905,3.1000000000000005,1.7617261904761907,712.0529761904761,75.10714285714286,13.599107142857143,0.06354166666666668,7.215476190476191,88.94642857142857,0.0016071428571428573
2021-02-21,52.839285714285715,10.988095238095237,10.595238095238095,15.992261904761904,15.929166666666665,15.296428571428573,3.1000000000000005,1.5996428571428571,716.4696428571428,57.767857142857146,7.432738095238095,0.13258928571428572,7.555952380952381,99.52380952380952,0.0
2021-02-28,80.94642857142857,18.017857142857142,16.470238095238095,21.719047619047622,21.999404761904763,36.32559523809524,1.325,2.0638690476190478,712.1059523809524,57.023809523809526,22.560714285714283,0.13136309523809522,6.454761904761905,103.64880952380952,0.0
2021-03-07,74.20238095238095,11.714285714285714,23.761904761904763,18.43452380952381,22.73333333333333,37.529761904761905,4.4505952380952385,2.161488095238095,715.9279761904761,47.648809523809526,18.527738095238096,0.13652380952380952,8.32202380952381,87.32738095238095,0.0
2021-03-14,79.10714285714286,18.386904761904763,25.63095238095238,5.5125,10.619642857142857,14.145238095238096,2.2464285714285714,1.8643452380952379,714.3809523809524,62.589285714285715,21.62708333333333,0.11389285714285714,7.713095238095238,93.42261904761905,0.00011904761904761905
2021-03-21,102.21428571428571,19.922619047619047,33.26190476190476,5.024404761904762,11.548809523809524,14.561904761904762,2.574404761904762,1.7416071428571427,713.7279761904762,36.732142857142854,21.937916666666666,0.16642261904761904,8.269047619047619,109.23214285714286,0.0
2021-03-28,103.2797619047619,17.547619047619047,32.19642857142857,5.525595238095238,11.779761904761905,15.695238095238096,1.0,1.995,708.5761904761905,36.023809523809526,23.561666666666667,0.11035119047619049,7.4452380952380945,86.46428571428571,0.0
2021-04-04,70.61309523809524,14.458333333333334,28.273809523809526,5.379166666666667,10.167857142857143,13.527380952380952,1.0,1.7171428571428573,716.7202380952381,61.851190476190474,18.628035714285716,0.08823214285714286,9.338095238095239,78.35714285714286,0.0002380952380952381
2021-04-11,91.98809523809524,20.196428571428573,27.470238095238095,7.579761904761905,11.99702380952381,17.576785714285716,1.0,1.668095238095238,708.2720238095238,43.458333333333336,27.270654761904762,0.1747202380952381,8.794642857142858,109.10119047619048,0.0
2021-04-18,85.97619047619048,28.595238095238095,27.517857142857142,5.930357142857143,9.3,13.210714285714285,1.7470238095238095,1.2586309523809522,709.9434523809524,64.01190476190476,24.057440476190475,0.1079047619047619,9.307142857142857,79.66071428571429,0.0010714285714285715
2021-04-25,73.64071856287426,12.37125748502994,34.01197604790419,7.611377245508981,12.647305389221556,18.266467065868262,1.7946107784431138,0.5260479041916167,711.9185628742515,49.94011976047904,23.300958083832338,0.15722155688622755,8.897005988023952,99.75449101796407,0.00011976047904191617
2021-05-02,87.82142857142857,24.946428571428573,32.648809523809526,7.719047619047619,11.701190476190476,17.425595238095237,1.1,0.5977976190476191,709.0601190476191,52.67857142857143,26.669940476190476,0.14661309523809524,9.095238095238095,97.17857142857143,0.003273809523809524
2021-05-09,74.1547619047619,17.357142857142858,33.982142857142854,5.876190476190477,11.780357142857142,15.664880952380951,1.1,0.5508333333333334,710.7208333333334,48.48809523809524,28.046726190476193,0.16748214285714286,9.625595238095238,93.0297619047619,0.0005952380952380953
2021-05-16,58.75595238095238,17.63095238095238,26.511904761904763,7.510119047619048,10.242261904761905,15.757142857142856,1.1,0.6461309523809524,713.0154761904762,66.68452380952381,24.512797619047618,0.1130595238095238,9.533333333333333,81.57738095238095,0.008571428571428572
2021-05-23,73.69047619047619,18.964285714285715,35.55357142857143,5.7648809523809526,10.792857142857143,14.641071428571427,1.1,0.5624404761904762,710.3119047619048,56.25,25.85017857142857,0.16673214285714286,9.314285714285713,88.4047619047619,0.0002380952380952381
2021-05-30,67.29761904761905,20.56547619047619,25.470238095238095,5.39702380952381,8.625,12.01845238095238,1.1,0.5882142857142858,712.1470238095238,62.67261904761905,27.08607142857143,0.1541845238095238,10.055952380952382,78.45833333333333,0.006547619047619048
2021-06-06,60.88690476190476,18.68452380952381,30.154761904761905,5.026785714285714,8.364880952380952,12.051190476190476,3.95,0.6019047619047619,711.7803571428572,64.55952380952381,25.71547619047619,0.1534702380952381,8.438690476190477,105.9047619047619,0.011250000000000001
2021-06-13,72.2202380952381,21.94047619047619,27.488095238095237,6.448214285714285,9.776785714285714,14.220833333333333,3.8999999999999995,0.8595833333333334,710.8345238095238,53.63690476190476,30.311309523809523,0.20026190476190475,9.524404761904762,85.30357142857143,0.0
2021-06-20,60.92261904761905,16.154761904761905,30.785714285714285,6.743452380952381,10.681547619047619,15.443452380952381,3.8999999999999995,1.4961904761904763,712.0511904761905,50.19642857142857,28.54130952380952,0.18469047619047618,8.657142857142858,108.94047619047619,0.008273809523809524
2021-06-27,71.69642857142857,21.113095238095237,27.75595238095238,6.780952380952381,9.380952380952381,14.16607142857143,3.8999999999999995,1.5236904761904762,710.4398809523809,63.851190476190474,27.938333333333336,0.164375,9.364285714285714,89.67857142857143,0.015892857142857143
2021-07-04,52.708333333333336,16.5,22.732142857142858,7.495833333333333,9.073214285714286,14.570833333333335,3.8999999999999995,1.3414880952380952,712.2333333333333,64.73809523809524,26.910297619047622,0.1639345238095238,8.885714285714286,80.95238095238095,0.004107142857142857
2021-07-11,62.625,19.86904761904762,19.607142857142858,8.880357142857143,10.120238095238095,17.008928571428573,3.8999999999999995,1.423154761904762,711.447619047619,70.08928571428571,26.328869047619047,0.11804761904761905,8.111904761904762,102.88690476190476,0.01
2021-07-18,80.29761904761905,20.345238095238095,20.345238095238095,6.526785714285714,7.822619047619048,12.342261904761905,0.9702380952380952,1.3486904761904763,714.3053571428571,60.05357142857143,27.40690476190476,0.18386904761904763,9.752380952380953,81.73214285714286,0.0
2021-07-25,78.20833333333333,22.238095238095237,25.095238095238095,7.865476190476191,9.757142857142858,15.625595238095238,0.7,1.4280357142857143,714.0869047619047,59.279761904761905,28.00440476190476,0.1705357142857143,8.511309523809524,93.20833333333333,0.0011904761904761906
2021-08-01,62.107142857142854,20.80952380952381,24.779761904761905,8.00952380952381,10.045833333333334,16.058333333333334,0.7446808510638298,1.410238095238095,713.8279761904762,57.69642857142857,28.1575,0.18725,8.717261904761905,78.19047619047619,0.0025
2021-08-08,61.74404761904762,21.833333333333332,22.726190476190474,9.544642857142858,10.276190476190477,17.82916666666667,,1.4988095238095238,713.3214285714286,63.05357142857143,27.47547619047619,0.14361904761904762,8.25297619047619,72.69642857142857,0.004523809523809524
2021-08-15,54.142857142857146,17.113095238095237,25.613095238095237,5.309523809523809,7.7023809523809526,11.002380952380953,,1.3513690476190476,713.8279761904762,55.69047619047619,28.84422619047619,0.1937142857142857,9.527380952380952,82.67857142857143,0.006666666666666667
2021-08-22,52.42857142857143,16.291666666666668,23.44047619047619,5.675,7.513690476190476,11.17797619047619,,1.4032738095238095,711.4875,57.42261904761905,29.110714285714288,0.19045238095238096,10.239880952380952,80.41666666666667,0.0
2021-08-29,58.861111111111114,13.208333333333334,20.958333333333332,6.673611111111111,8.094444444444443,12.727777777777778,,1.3772222222222221,712.8763888888889,53.25,28.713472222222222,0.19455072463768114,10.12361111111111,79.40277777777777,0.0
