,date,PM2.5,PM10,O3,NO2,CO,NO,NOx,SO2,PRS,RH,TOUT,SR,WSR,WDR
0,2018-01-07,28.482142857142858,71.68452380952381,12.821428571428571,24.913095238095234,0.92,46.65654761904762,71.07202380952381,5.6,720.870238095238,74.54761904761905,8.527440476190476,0.0933809523809523,6.745238095238095,114.14285714285714
1,2018-01-14,25.154761904761905,95.97619047619048,20.017857142857142,22.101785714285715,0.92,25.52857142857143,46.91904761904762,5.6,716.9410714285715,46.97619047619048,15.755178571428573,0.1395595238095238,6.807738095238095,121.07738095238096
2,2018-01-21,32.95238095238095,77.64285714285714,15.922619047619047,25.070238095238096,0.92,47.320238095238096,72.30178571428571,5.6,719.2571428571429,75.0,9.894107142857145,0.0936904761904761,6.422619047619048,110.38690476190476
3,2018-01-28,29.452380952380956,68.5952380952381,13.273809523809524,21.125,0.92,33.954166666666666,54.7047619047619,5.6,718.4541666666667,65.58928571428571,14.391607142857143,0.075345238095238,6.776190476190477,95.25
4,2018-02-04,26.95833333333333,80.83333333333333,19.732142857142858,24.61369047619048,1.3808333333333334,21.10892857142857,45.09404761904762,5.6,717.4601190476191,46.96428571428572,17.42511904761905,0.0970892857142857,6.919642857142857,145.0297619047619
5,2018-02-11,42.32142857142857,97.60119047619048,10.160714285714286,22.88154761904762,1.6501785714285715,29.007142857142856,50.973214285714285,5.6,714.7327380952381,70.41071428571429,16.951964285714286,0.0881071428571428,6.4696428571428575,140.07738095238096
6,2018-02-18,39.160714285714285,74.94047619047619,15.785714285714286,19.98154761904762,1.4279761904761905,14.24404761904762,33.38869047619048,5.6,716.3839285714286,78.1547619047619,17.64952380952381,0.1047857142857142,6.389285714285715,97.60119047619048
7,2018-02-25,33.70238095238095,74.91666666666667,15.49404761904762,20.34464285714286,1.4017857142857142,11.388690476190476,31.035714285714285,5.6,712.3541666666666,74.79761904761905,20.79440476190476,0.1118928571428571,6.60952380952381,102.67857142857144
8,2018-03-04,31.68452380952381,70.50595238095238,25.636904761904763,17.07202380952381,1.1775595238095238,100.20416666666668,116.63095238095238,5.6,713.754761904762,62.92261904761905,21.825,0.1488928571428571,7.335714285714286,101.77380952380952
9,2018-03-11,24.952380952380956,70.60119047619048,33.035714285714285,19.477380952380955,1.0041071428571429,78.1595238095238,96.76011904761906,5.6,712.9982142857143,55.32738095238095,21.25559523809524,0.1648035714285714,8.673214285714286,107.2797619047619
10,2018-03-18,21.654761904761905,55.80357142857143,29.19047619047619,20.8,1.0725,30.5,50.5,5.6,713.7642857142857,51.60714285714285,21.06059523809524,0.1510416666666666,8.277380952380952,135.98214285714286
11,2018-03-25,23.541666666666668,62.85714285714285,31.86309523809524,20.8,1.0729166666666667,30.5,50.5,5.6,712.4315476190476,55.57142857142857,23.65904761904762,0.1494880952380952,8.111904761904762,109.75595238095238
12,2018-04-01,32.86309523809524,57.38690476190476,37.375,20.8,0.7815476190476192,30.5,50.5,5.6,711.3113095238095,53.398809523809526,24.588809523809523,0.1805178571428571,8.248809523809523,96.25
13,2018-04-08,47.0,71.11904761904762,28.45833333333333,20.8,0.90125,30.5,50.5,5.6,710.3470238095239,59.54761904761905,22.86898809523809,0.1678452380952381,7.590476190476191,103.58333333333331
14,2018-04-15,38.44047619047619,79.39285714285714,29.88095238095238,20.8,1.2095238095238094,30.5,50.5,5.6,713.0952380952381,50.24404761904762,22.764166666666668,0.1752916666666666,8.850595238095238,120.5654761904762
15,2018-04-22,27.452380952380956,62.77976190476191,32.19642857142857,20.8,2.498214285714285,30.5,50.5,5.6,713.5196428571429,63.07738095238095,23.18702380952381,0.1452678571428571,8.314880952380953,105.52380952380952
16,2018-04-29,21.035714285714285,45.27976190476191,18.107142857142858,20.8,2.094583333333333,30.5,50.5,5.6,714.1279761904761,78.64880952380952,20.606964285714284,0.0980654761904762,8.3375,105.14880952380952
17,2018-05-06,32.82142857142857,69.16071428571429,9.720238095238097,26.92559523809524,1.3748214285714286,39.61845238095238,65.625,4.955357142857143,713.0892857142857,74.97619047619048,24.531011904761904,0.123875,6.850595238095239,112.57738095238096
18,2018-05-13,26.83333333333333,58.94642857142857,15.345238095238097,18.11369047619048,1.2163690476190476,27.297023809523807,44.68869047619047,6.527380952380952,713.0398809523809,63.95238095238095,24.88077380952381,0.1620357142857142,8.189285714285713,108.86309523809524
19,2018-05-20,27.06547619047619,51.023809523809526,13.714285714285714,11.398809523809524,1.1819642857142856,26.65714285714285,36.73630952380952,10.27797619047619,710.0684523809524,64.67261904761905,27.03386904761905,0.1633869047619047,8.675,116.4345238095238
20,2018-05-27,23.660714285714285,43.833333333333336,15.75595238095238,11.123214285714289,1.1495238095238096,30.42619047619048,39.57440476190476,6.998809523809523,711.4416666666666,65.14285714285714,27.118392857142855,0.1524583333333333,8.614880952380952,130.94642857142858
21,2018-06-03,27.70833333333333,53.898809523809526,17.529761904761905,17.07857142857143,1.152559523809524,18.32797619047619,34.11964285714286,8.489880952380952,709.4434523809524,58.625,29.36523809523809,0.1730416666666666,8.87797619047619,107.875
22,2018-06-10,24.48809523809524,58.23214285714285,17.696428571428573,21.558928571428574,1.0991666666666666,12.84940476190476,33.43273809523809,6.947619047619048,711.3410714285715,56.10119047619048,29.207857142857144,0.1772261904761904,9.09702380952381,114.57142857142856
23,2018-06-17,21.928571428571427,44.98214285714285,14.25,24.2625,1.068690476190476,11.58452380952381,34.34404761904762,4.136309523809524,710.5494047619047,62.625,27.84625,0.1525357142857143,9.789285714285716,124.83928571428572
24,2018-06-24,26.452380952380956,44.79761904761905,13.99404761904762,30.83511904761905,1.2395238095238097,22.17142857142857,50.99642857142857,4.763690476190476,709.7392857142856,72.00595238095238,27.061666666666664,0.1305595238095238,6.982142857142857,104.21428571428572
25,2018-07-01,29.392857142857142,59.398809523809526,16.63095238095238,18.89642857142857,1.0750595238095235,22.19761904761905,38.99464285714286,3.5125,711.8523809523809,62.07738095238095,28.44761904761905,0.1502380952380952,8.5625,119.02380952380952
26,2018-07-08,29.922619047619047,68.7202380952381,13.898809523809524,26.70654761904762,1.070297619047619,15.918452380952385,40.82142857142857,1.7434523809523808,714.1744047619047,61.68452380952381,27.784702380952385,0.1710535714285714,7.91547619047619,104.88690476190476
27,2018-07-15,24.49404761904762,73.16071428571429,16.50595238095238,20.89940476190476,1.0329761904761905,12.366666666666664,31.718452380952375,2.0136904761904764,714.3404761904761,57.642857142857146,28.19678571428572,0.1786845238095238,8.694642857142858,108.4702380952381
28,2018-07-22,25.761904761904763,84.32738095238095,20.45833333333333,18.435119047619047,0.9935714285714284,8.91607142857143,26.572023809523813,1.9196428571428568,712.5797619047619,49.48214285714285,30.43005952380953,0.1968452380952381,8.21547619047619,104.57142857142856
29,2018-07-29,24.154761904761905,79.20238095238095,22.892857142857142,14.672619047619047,0.985654761904762,5.379166666666667,19.682142857142857,5.5095238095238095,712.7386904761905,48.29761904761905,31.303630952380956,0.1800059523809523,8.045833333333334,110.6845238095238
30,2018-08-05,13.678571428571429,54.07142857142857,25.84523809523809,15.360714285714286,1.0039285714285715,4.390476190476191,19.611309523809524,6.3339285714285705,712.8744047619048,47.845238095238095,30.25535714285714,0.1707440476190476,7.154761904761905,126.26785714285714
31,2018-08-12,14.297619047619047,51.083333333333336,24.452380952380956,21.00059523809524,0.9957142857142858,7.16547619047619,27.70952380952381,12.30654761904762,712.725,53.17261904761905,29.369285714285716,0.1590059523809524,8.10892857142857,137.63690476190476
32,2018-08-19,17.75595238095238,56.04166666666666,26.08333333333333,17.85892857142857,0.969404761904762,6.623214285714286,24.16547619047619,16.854761904761904,712.2863095238096,53.93452380952381,29.96357142857143,0.1989583333333333,8.4125,184.41071428571428
33,2018-08-26,10.964285714285714,46.75,24.041666666666668,14.288095238095238,0.8271428571428572,9.813095238095238,23.92142857142857,17.320833333333333,713.1541666666666,52.15476190476191,30.005000000000003,0.2012142857142857,9.288690476190476,192.3869047619048
34,2018-09-02,13.93452380952381,50.535714285714285,27.541666666666668,21.25297619047619,0.8469047619047619,5.760119047619048,26.742261904761904,18.104761904761904,711.3386904761904,55.80357142857143,29.30261904761905,0.1755833333333333,8.064285714285713,192.75
35,2018-09-09,14.101190476190476,42.75595238095238,23.547619047619047,21.37678571428572,0.904047619047619,7.35,28.469047619047625,17.896428571428572,711.7559523809524,69.55952380952381,26.86636904761905,0.1418095238095238,7.022619047619047,194.07738095238096
36,2018-09-16,11.607142857142858,38.10714285714285,22.696428571428573,19.00952380952381,1.009345238095238,7.161309523809523,26.088690476190475,15.510119047619046,711.5142857142857,70.71428571428571,26.1064880952381,0.1374821428571428,7.123809523809523,159.75
37,2018-09-23,14.898809523809524,40.29166666666666,8.779761904761905,21.835714285714285,1.0098809523809524,9.211309523809524,30.430357142857144,17.16488095238095,712.0494047619047,70.95238095238095,26.450178571428573,0.1135238095238095,6.777380952380952,174.57142857142858
38,2018-09-30,14.25595238095238,33.535714285714285,23.785714285714285,23.07857142857143,1.073154761904762,21.38154761904762,44.385714285714286,16.91904761904762,713.5488095238095,74.89880952380952,25.41553571428572,0.1231130952380952,6.095238095238095,174.8095238095238
39,2018-10-07,10.023809523809524,27.06547619047619,19.476190476190474,20.39464285714286,0.911845238095238,10.132738095238096,31.91488095238095,17.189285714285717,712.5547619047619,70.83333333333333,25.91119047619048,0.1419940476190476,7.548214285714285,196.9940476190476
40,2018-10-14,12.55952380952381,23.58333333333333,25.428571428571427,17.579761904761906,0.9641666666666666,7.458333333333333,25.90833333333333,17.77857142857143,709.1767857142856,72.04761904761905,26.063214285714285,0.1140833333333333,7.347619047619048,187.1904761904762
41,2018-10-21,7.244047619047619,23.357142857142858,9.053571428571429,22.935714285714283,1.048154761904762,10.160714285714286,35.325,16.23154761904762,717.1375,84.5297619047619,15.61017857142857,0.0546845238095238,8.376190476190477,142.01190476190476
42,2018-10-28,22.45833333333333,63.720238095238095,15.351190476190476,24.81785714285714,1.150059523809524,11.33809523809524,36.60892857142857,14.95714285714286,714.7726190476191,79.32738095238095,18.48678571428572,0.089625,5.7422619047619055,150.04761904761904
43,2018-11-04,17.63095238095238,65.02380952380952,22.339285714285715,21.47559523809524,0.980297619047619,11.31547619047619,31.017857142857142,16.995238095238093,712.6416666666667,67.78571428571429,21.736369047619046,0.1171666666666666,6.538095238095239,159.2202380952381
44,2018-11-11,23.232142857142858,66.72619047619048,21.476190476190474,21.267857142857142,1.751547619047619,15.492261904761904,35.157738095238095,13.89642857142857,713.2875,74.64880952380952,20.60327380952381,0.0891190476190476,6.225,118.73809523809524
45,2018-11-18,20.11904761904762,76.14880952380952,16.726190476190474,36.21726190476191,1.32625,36.37678571428572,68.68988095238095,14.494642857142855,718.7821428571428,56.27976190476191,13.325654761904762,0.1207083333333333,7.016071428571429,132.1547619047619
46,2018-11-25,18.339285714285715,56.08928571428572,11.279761904761903,32.02619047619047,0.8688095238095238,23.053571428571427,51.80595238095238,11.19702380952381,715.135119047619,75.7202380952381,15.730476190476187,0.0678571428571428,6.138095238095239,93.85119047619048
47,2018-12-02,26.74291666666667,95.98214285714286,27.23809523809524,40.9,1.0645238095238096,36.30595238095238,76.93452380952381,13.8,711.9160714285714,49.42857142857143,18.650357142857143,0.1190773809523809,6.041666666666667,121.98214285714286
48,2018-12-09,13.87577380952381,43.517857142857146,12.964285714285714,37.269642857142856,0.8008928571428572,16.6875,49.641666666666666,10.752380952380951,717.2017857142857,81.33928571428571,15.20517857142857,0.0515119047619047,6.475595238095239,96.27380952380952
49,2018-12-16,15.108154761904762,68.81547619047619,19.95833333333333,35.41726190476191,0.9076785714285714,28.676785714285717,62.63809523809524,18.675,717.4220238095238,47.97619047619048,15.630833333333332,0.1066488095238095,8.02142857142857,177.36904761904762
50,2018-12-23,145.25255952380954,69.45833333333333,22.99404761904762,35.83273809523809,1.2151785714285714,31.38035714285714,65.76488095238095,18.044642857142858,714.4565476190476,37.595238095238095,18.289523809523807,0.1086666666666666,8.05297619047619,169.53571428571428
51,2018-12-30,45.99404761904762,65.625,19.11309523809524,30.91785714285714,1.06875,17.89047619047619,50.07321428571428,11.51845238095238,712.3392857142857,70.32142857142857,15.626130952380953,0.0891488095238095,6.485714285714285,97.42261904761904
52,2019-01-06,45.02976190476191,91.70833333333331,14.99404761904762,43.11190476190476,1.248392857142857,45.907738095238095,81.5577380952381,14.62202380952381,714.6113095238095,66.61309523809524,13.6,0.0979404761904761,5.973809523809524,130.58928571428572
53,2019-01-13,22.73809523809524,58.94642857142857,16.208333333333332,38.88809523809524,1.1136904761904762,28.285714285714285,70.85178571428571,11.923809523809524,717.4839285714286,75.92857142857143,16.423035714285714,0.0664642857142857,6.237500000000001,105.66071428571428
54,2019-01-20,31.952380952380956,87.11904761904762,14.875,37.39047619047619,1.0804166666666666,28.95357142857143,63.9952380952381,12.58095238095238,718.1178571428571,70.57738095238095,14.4625,0.0902142857142857,6.157738095238095,103.64880952380952
55,2019-01-27,20.0,70.41666666666667,19.636904761904763,37.21071428571428,0.9016666666666666,23.48809523809524,70.4952380952381,11.976190476190476,715.114880952381,58.80357142857143,14.549107142857142,0.1055833333333333,7.188690476190477,103.85714285714286
56,2019-02-03,25.303571428571427,75.86309523809524,23.142857142857142,36.79702380952381,0.9022619047619048,20.089285714285715,58.61547619047619,12.725595238095238,714.2375,64.0952380952381,15.535833333333333,0.1273571428571428,6.897619047619047,108.20833333333331
57,2019-02-10,38.13095238095238,99.94642857142856,20.45833333333333,38.30059523809524,1.129702380952381,26.889880952380956,69.12678571428572,13.21845238095238,714.8827380952381,63.83928571428572,16.956666666666667,0.080047619047619,6.533928571428572,114.58333333333331
58,2019-02-17,31.09523809523809,107.79166666666669,24.541666666666668,42.43928571428572,1.2549404761904763,40.39345238095238,82.32321428571429,11.864880952380952,711.485119047619,47.11904761904762,21.02452380952381,0.137375,6.094047619047619,126.32738095238096
59,2019-02-24,21.636904761904763,75.68452380952381,28.75595238095238,33.47857142857143,1.0754761904761905,21.31845238095238,57.60654761904762,10.763095238095238,712.3815476190476,55.535714285714285,16.883035714285715,0.1164940476190476,7.517857142857143,100.60119047619048
60,2019-03-03,19.547619047619047,78.10714285714286,26.916666666666668,37.40714285714286,1.05,22.64761904761905,59.83988095238095,8.166666666666666,713.2505952380952,65.5952380952381,21.91785714285714,0.136845238095238,6.8898809523809526,109.79166666666669
61,2019-03-10,24.750833333333336,78.78571428571429,23.857142857142858,40.69345238095238,0.8935119047619049,40.23392857142857,80.59166666666667,6.249404761904763,715.3619047619047,67.86309523809524,15.618035714285714,0.1209166666666666,6.862500000000001,111.79166666666669
62,2019-03-17,29.61904761904762,75.25595238095238,34.54761904761905,30.12142857142857,0.6380952380952382,28.91785714285714,58.51071428571428,6.980952380952381,714.3630952380952,54.79166666666666,19.861607142857142,0.1261071428571428,8.1625,108.64880952380952
63,2019-03-24,25.660714285714285,53.095238095238095,43.470238095238095,30.761904761904763,0.6086904761904762,19.20714285714286,49.585119047619045,4.554166666666667,716.2375,78.14880952380952,16.693690476190476,0.085172619047619,6.22797619047619,106.16666666666669
64,2019-03-31,27.55952380952381,56.148809523809526,32.898809523809526,21.03452380952381,0.6183333333333333,13.223214285714286,33.848214285714285,5.430357142857143,714.9964285714285,77.57738095238095,19.629285714285714,0.0936369047619047,7.936904761904763,97.67261904761904
65,2019-04-07,21.30952380952381,70.20238095238095,56.33928571428572,15.00297619047619,0.6211904761904762,10.420833333333334,25.6875,7.104761904761904,713.0315476190476,61.892857142857146,20.79714285714286,0.1514404761904761,6.97797619047619,126.47619047619048
66,2019-04-14,26.321428571428573,117.88095238095238,20.0,20.675,0.5571428571428572,13.711309523809524,33.925,6.713095238095238,709.3857142857144,30.672619047619047,26.027738095238096,0.3850297619047619,8.389285714285714,122.83333333333331
67,2019-04-21,20.94047619047619,68.29166666666667,20.0,19.123809523809523,0.5122619047619048,14.979761904761904,33.72202380952381,8.548809523809524,711.6321428571429,44.35714285714285,24.764226190476197,0.2250357142857142,8.236904761904762,96.32142857142856
68,2019-04-28,18.339285714285715,55.82738095238095,20.0,16.875,0.5019047619047619,10.366071428571429,26.859523809523807,7.982738095238095,711.1172619047619,52.083333333333336,25.215238095238096,0.1787083333333333,8.275,99.83928571428572
69,2019-05-05,32.904761904761905,67.11309523809524,20.0,13.65952380952381,0.6339285714285714,5.071428571428571,18.29345238095238,6.0875,709.2327380952381,67.30952380952381,25.633511904761907,0.1210595238095238,7.526785714285714,100.48214285714286
70,2019-05-12,22.464285714285715,50.720238095238095,20.0,7.64702380952381,0.577202380952381,13.654166666666669,19.976190476190474,7.791666666666667,709.114880952381,71.35119047619048,24.06714285714286,0.1275654761904762,8.320833333333335,91.75595238095238
71,2019-05-19,23.964285714285715,51.97005988023952,20.214285714285715,7.523214285714286,0.5295209580838324,47.33869047619047,48.83809523809524,7.94251497005988,709.9886227544911,71.62275449101796,25.70149700598802,0.1529940119760479,7.740718562874251,107.51497005988024
72,2019-05-26,29.642857142857142,72.96428571428571,20.0,6.314285714285714,0.491547619047619,22.40714285714286,26.54583333333333,5.4261904761904765,708.4827380952381,60.517857142857146,28.860952380952384,0.1681666666666666,9.811309523809523,114.2797619047619
73,2019-06-02,20.55130952380952,49.82738095238095,20.0,6.397619047619047,0.3558333333333333,5.930952380952381,13.098809523809525,5.340476190476191,709.1607142857143,62.55952380952381,28.195119047619045,0.1538154761904762,8.858333333333334,104.9702380952381
74,2019-06-09,16.458333333333332,49.148809523809526,20.0,7.1,0.3345238095238095,5.2,12.1,3.3863095238095235,709.5654761904761,51.81547619047619,31.190892857142856,0.2031785714285714,7.677380952380952,114.5952380952381
75,2019-06-16,23.404761904761905,50.05952380952381,20.0,7.1,0.3057738095238095,5.2,12.1,3.696428571428572,713.307738095238,60.398809523809526,28.11875,0.2077559523809523,8.464285714285714,96.01190476190476
76,2019-06-23,24.75642857142857,58.86904761904762,20.0,10.019642857142856,0.2180952380952381,5.942261904761905,15.976190476190476,5.940476190476191,709.4773809523809,52.48809523809524,31.28595238095238,0.2248273809523809,9.718452380952382,103.07142857142856
77,2019-06-30,24.827380952380956,53.69047619047619,25.08333333333333,6.394047619047619,0.4082738095238095,5.325595238095239,11.720833333333331,5.727380952380953,713.3607142857143,58.85714285714285,28.09940476190476,0.2265,9.470238095238097,112.11309523809524
78,2019-07-07,20.821428571428573,56.97619047619048,34.75,6.2160714285714285,0.4661309523809523,7.075595238095239,12.89345238095238,3.9892857142857143,712.0315476190476,54.83928571428572,29.63339285714285,0.1905833333333333,7.745238095238095,115.63690476190476
79,2019-07-14,18.69047619047619,55.79761904761905,39.898809523809526,7.456547619047619,0.5272023809523809,12.842261904761903,19.76309523809524,4.046428571428571,711.557738095238,50.21428571428572,30.24946428571429,0.1849940476190476,7.389880952380952,127.86309523809524
80,2019-07-21,19.77380952380953,56.81547619047619,34.63690476190476,5.539880952380953,0.4368452380952381,8.789880952380953,12.472619047619048,3.1702380952380955,711.5720238095239,50.55357142857143,30.24452380952381,0.2097142857142857,8.810714285714287,102.77380952380952
81,2019-07-28,28.761904761904763,45.267857142857146,41.68452380952381,7.495833333333333,0.4301190476190476,13.563095238095238,16.764285714285716,1.6880952380952383,714.4,56.68452380952381,27.87488095238095,0.1848095238095238,8.197619047619048,114.75
82,2019-08-04,19.892857142857142,60.523809523809526,34.82142857142857,2.825,0.3005357142857143,4.932142857142857,6.436904761904763,2.751190476190476,712.7416666666667,48.11309523809524,29.83178571428571,0.2038511904761904,7.463690476190477,94.17261904761904
83,2019-08-11,17.553571428571427,52.910714285714285,34.583333333333336,4.226785714285715,0.2833333333333333,5.533928571428572,10.735119047619047,5.489285714285715,711.1642857142857,49.13690476190476,31.51928571428571,0.2056547619047619,8.249404761904762,96.61904761904762
84,2019-08-18,18.48809523809524,55.79761904761905,34.32142857142857,0.799404761904762,0.3429761904761904,3.242261904761905,3.850595238095238,9.614285714285714,711.0517857142856,48.095238095238095,31.79833333333333,0.2023095238095238,8.202976190476189,93.50595238095238
85,2019-08-25,18.303571428571427,32.958333333333336,32.04761904761905,4.095833333333333,0.3345833333333333,3.4279761904761905,8.944047619047618,9.511904761904765,711.3130952380952,57.40476190476191,29.563511904761903,0.1792142857142857,8.644047619047619,115.6845238095238
86,2019-09-01,23.202380952380956,39.60714285714285,28.541666666666668,1.3494047619047618,0.3681547619047619,2.598809523809524,7.086904761904761,6.573214285714285,712.0130952380953,59.73809523809524,28.961369047619048,0.1721130952380952,7.292261904761904,91.11904761904762
87,2019-09-08,18.77380952380953,57.375,6.583333333333333,5.632738095238095,0.2810714285714286,2.261904761904762,22.036904761904765,6.194642857142857,713.3791666666666,67.42857142857143,26.378630952380952,0.1369107142857143,7.715476190476191,128.71428571428572
88,2019-09-15,16.636904761904763,47.13095238095238,30.86904761904762,4.276785714285714,0.5566071428571429,1.9648809523809525,8.682738095238095,13.25,714.0166666666667,64.99404761904762,26.693511904761905,0.1523214285714285,7.801190476190476,104.13095238095238
89,2019-09-22,20.922155688622755,49.40119760479042,20.077844311377245,5.466467065868264,0.904071856287425,1.5520958083832337,9.808982035928144,13.832335329341316,711.7982035928144,64.11377245508982,27.98556886227545,0.146311377245509,7.202994011976048,104.08982035928145
90,2019-09-29,15.63095238095238,43.72619047619048,16.0,5.498809523809523,0.972559523809524,1.6136904761904762,10.05,15.749404761904762,710.9136904761905,68.54166666666667,26.978392857142858,0.1694999999999999,7.951785714285715,93.125
91,2019-10-06,14.99404761904762,39.65476190476191,27.99404761904762,4.693452380952381,1.0113690476190476,3.635119047619048,8.99702380952381,18.33690476190476,712.475,64.26785714285714,26.80184523809524,0.1634166666666666,8.298214285714286,123.00595238095238
92,2019-10-13,17.821428571428573,59.398809523809526,34.13690476190476,6.738095238095238,1.090952380952381,3.661309523809524,12.123809523809523,13.316666666666666,713.2660714285714,59.43452380952381,23.836547619047614,0.1310357142857142,7.873809523809523,94.46428571428572
93,2019-10-20,20.553571428571427,60.625,34.49404761904762,7.862500000000001,1.092202380952381,4.047619047619048,14.116666666666664,11.80297619047619,710.7428571428571,63.19642857142857,25.23434523809524,0.1187440476190476,6.544047619047619,111.52380952380952
94,2019-10-27,19.13095238095238,53.07738095238095,34.666666666666664,6.7285714285714295,0.7997023809523809,3.8375,12.242261904761904,14.952976190476187,713.510119047619,53.30952380952381,22.525119047619047,0.1241428571428571,8.626785714285713,124.39880952380952
95,2019-11-03,18.172619047619047,48.83928571428572,28.73809523809524,7.990476190476191,0.6674404761904762,2.8815476190476192,14.070833333333336,12.3375,720.4988095238095,54.11904761904762,17.267261904761906,0.0884642857142857,6.3101190476190485,102.89285714285714
96,2019-11-10,19.178571428571427,49.88690476190476,21.535714285714285,8.494642857142857,0.7775595238095238,3.1089285714285717,17.3875,13.027380952380952,716.152380952381,71.89880952380952,19.97202380952381,0.0801785714285714,6.5625,102.79166666666669
97,2019-11-17,23.071428571428573,62.69642857142857,24.88095238095238,11.927380952380952,0.8541666666666666,9.108333333333334,24.670238095238098,11.707142857142856,717.8053571428571,65.08333333333333,13.320714285714288,0.1024940476190476,6.8964285714285705,103.1904761904762
98,2019-11-24,29.06547619047619,66.1547619047619,29.636904761904763,10.58154761904762,0.962440476190476,0.9005952380952381,19.73452380952381,13.504166666666666,712.6214285714285,67.58333333333333,20.91744047619048,0.1071845238095238,5.717857142857143,115.20238095238096
99,2019-12-01,33.910714285714285,112.35714285714286,31.416666666666668,13.96607142857143,1.3771428571428572,1.4422619047619047,25.515476190476196,15.578571428571427,711.9315476190476,42.99404761904762,21.878154761904764,0.1106071428571428,6.377380952380953,159.19642857142858
100,2019-12-08,24.785714285714285,80.03571428571429,39.61904761904762,14.636904761904765,1.0733928571428573,2.6982142857142857,22.679166666666667,13.327976190476187,715.7809523809524,43.85119047619048,20.038035714285712,0.1176488095238095,5.966666666666667,118.04166666666669
101,2019-12-15,29.74934131736527,91.32934131736526,22.934131736526947,15.019161676646704,1.354491017964072,4.222155688622754,26.06047904191617,15.25568862275449,713.7233532934132,48.0059880239521,19.44467065868264,0.0976407185628742,6.741916167664671,129.78443113772454
102,2019-12-22,20.20359281437126,59.125748502994014,22.51497005988024,11.02874251497006,0.6569461077844311,1.4473053892215568,19.377245508982035,14.355688622754492,718.8604790419162,39.65868263473054,14.567904191616767,0.084251497005988,7.247904191616767,118.64071856287426
103,2019-12-29,28.35329341317365,63.74850299401198,20.84431137724551,12.221556886227544,0.747245508982036,1.378443113772455,19.79640718562874,15.61616766467066,711.7245508982036,59.880239520958085,18.945988023952097,0.084562874251497,5.7371257485029945,113.79640718562874
104,2020-01-05,19.68263473053892,41.68263473053892,26.32934131736527,8.095209580838324,0.4907784431137724,2.764670658682635,13.15508982035928,17.96706586826347,715.5197604790419,54.550898203592816,15.59245508982036,0.0908023952095808,7.34191616766467,186.23353293413172
105,2020-01-12,23.946428571428573,71.01190476190476,26.47023809523809,13.341666666666669,0.8323809523809524,6.073214285714285,22.51309523809524,16.821428571428573,715.3904761904762,47.32142857142857,18.029880952380957,0.1091845238095238,6.33452380952381,128.3095238095238
106,2020-01-19,29.54678571428571,74.22619047619048,19.06547619047619,13.89345238095238,1.315357142857143,5.689880952380952,25.433333333333334,22.104166666666668,716.5113095238095,69.54761904761905,19.14297619047619,0.0577559523809523,5.801785714285715,124.91666666666669
107,2020-01-26,20.95833333333333,51.82142857142857,25.107142857142858,16.066666666666666,0.909047619047619,15.561309523809523,37.507738095238096,19.936904761904763,716.2898809523809,64.13690476190476,16.16190476190476,0.0767261904761904,6.526785714285714,117.44642857142856
108,2020-02-02,23.07879518072289,66.36144578313252,27.13855421686747,38.77349397590361,0.8363253012048194,30.03433734939759,68.4301204819277,20.626506024096383,715.0042168674698,50.55421686746988,16.77680722891566,0.1055542168674698,7.073493975903615,110.62048192771084
109,2020-02-09,25.154761904761905,86.10714285714286,23.09523809523809,44.71666666666666,1.117797619047619,44.11190476190476,88.40595238095237,21.085714285714285,710.0214285714286,47.23214285714285,18.62517857142857,0.1135952380952381,6.874404761904763,138.07738095238096
110,2020-02-16,29.071428571428573,61.93452380952381,30.107142857142858,47.98511904761905,0.8522023809523809,40.62559523809525,88.54761904761905,7.749404761904763,714.0708333333333,65.74404761904762,16.849047619047617,0.0917857142857142,6.987500000000001,100.58333333333331
111,2020-02-23,21.041666666666668,51.517857142857146,28.696428571428573,46.304761904761904,0.7579761904761905,39.58392857142857,85.91011904761905,7.104761904761904,716.4821428571429,67.89880952380952,16.294761904761906,0.0864285714285714,7.1172619047619055,95.96428571428572
112,2020-03-01,20.625,65.44047619047619,35.875,57.74702380952381,0.7079166666666666,43.62857142857143,101.27380952380952,6.701190476190476,716.1904761904761,37.73809523809524,18.23369047619048,0.1629523809523809,7.669047619047619,100.16666666666669
113,2020-03-08,23.029761904761905,55.42857142857143,35.92261904761905,60.19702380952381,0.6807142857142857,38.79464285714285,98.87261904761904,6.369047619047619,714.5291666666666,50.160714285714285,20.896130952380958,0.1281428571428571,7.975595238095239,107.08333333333331
114,2020-03-15,25.482142857142858,57.05952380952381,30.38095238095238,58.61785714285714,0.7569047619047619,34.95238095238095,93.60238095238095,6.382738095238095,713.9541666666667,63.44047619047619,23.59202380952381,0.103047619047619,6.714880952380952,90.13095238095238
115,2020-03-22,19.267857142857142,41.220238095238095,24.410714285714285,51.016666666666666,0.6166071428571429,30.109523809523807,80.97797619047618,5.615476190476191,714.0041666666666,72.44047619047619,21.87357142857143,0.0911666666666666,7.019642857142857,91.36904761904762
116,2020-03-29,34.94642857142857,64.44047619047619,36.82142857142857,10.76904761904762,0.9279761904761904,6.697023809523809,17.30654761904762,12.87202380952381,710.0869047619047,55.21428571428572,26.33666666666667,0.1318214285714286,7.267857142857143,97.51190476190476
117,2020-04-05,38.85714285714285,45.56547619047619,25.61904761904762,17.719047619047622,0.5543452380952381,16.663095238095238,33.83452380952381,10.432738095238095,711.0130952380953,68.79761904761905,22.540535714285717,0.1058035714285714,7.308928571428572,88.3452380952381
118,2020-04-12,20.102409638554217,64.17469879518072,27.67065868263473,35.2185628742515,0.7094578313253012,11.183832335329342,31.70419161676647,10.023493975903614,709.3210843373494,43.6144578313253,28.76409638554217,0.2982409638554217,11.399397590361446,180.34939759036143
119,2020-04-19,18.726190476190474,34.88690476190476,23.589285714285715,35.197023809523806,1.2696428571428573,23.448809523809523,27.629761904761907,8.292261904761904,712.6178571428571,63.26190476190476,21.70178571428572,0.1596011904761904,7.188095238095237,110.69642857142856
120,2020-04-26,11.56547619047619,62.07142857142857,48.47619047619048,7.664285714285714,1.1998809523809524,2.2214285714285715,7.569047619047619,0.6,710.027380952381,51.55952380952381,28.185416666666665,0.1654523809523809,7.6327380952380945,107.16071428571428
121,2020-05-03,14.0,42.785714285714285,50.40476190476191,7.023809523809524,1.02,2.4934523809523808,9.424404761904762,0.6,712.8434523809524,53.71428571428572,26.87738095238095,0.1855416666666666,7.977380952380953,118.54166666666669
122,2020-05-10,11.029761904761903,40.660714285714285,47.23214285714285,6.947619047619048,1.02,2.017857142857143,9.49345238095238,0.6,713.3565476190475,58.42857142857143,25.539583333333333,0.1487738095238095,8.116071428571429,118.25
123,2020-05-17,10.291666666666666,38.23214285714285,42.642857142857146,5.6625,1.02,2.2214285714285715,7.998214285714286,0.6,710.4148809523809,64.64285714285714,26.232857142857146,0.1779285714285714,8.020238095238096,104.9404761904762
124,2020-05-24,16.303571428571427,46.517857142857146,49.19642857142857,6.619642857142857,1.02,2.1517857142857144,9.185714285714289,0.6,708.8196428571429,57.410714285714285,28.31928571428572,0.1834166666666666,7.931547619047619,107.9047619047619
125,2020-05-31,9.173652694610778,33.365269461077844,46.125748502994014,5.656287425149701,1.02,2.2622754491017965,7.905988023952095,0.6,712.3215568862275,61.7245508982036,25.575149700598804,0.1609940119760479,7.483832335329341,111.02395209580838
126,2020-06-07,30.49404761904762,30.035714285714285,34.720238095238095,3.3970238095238097,1.02,2.6785714285714284,6.1035714285714295,0.6,711.7345238095238,62.54761904761905,27.27023809523809,0.1980654761904761,8.136309523809524,102.60119047619048
127,2020-06-14,15.293413173652697,44.538922155688624,50.25149700598802,5.601197604790419,1.02,2.6736526946107784,8.295209580838323,0.6,713.8473053892216,54.05988023952096,27.594131736526947,0.1818682634730539,7.379640718562875,114.51497005988024
128,2020-06-21,24.297619047619047,28.20833333333333,32.05952380952381,4.404166666666667,1.02,1.6095238095238094,7.15,0.6,713.0077380952381,61.49404761904762,27.582678571428573,0.1961428571428571,8.657738095238095,108.0952380952381
129,2020-06-28,12.622754491017965,52.74850299401198,28.29341317365269,6.230538922155689,1.02,7.565269461077845,13.579640718562874,0.6,711.3664670658683,64.72455089820359,27.566107784431136,0.1733473053892215,7.362874251497005,113.4251497005988
130,2020-07-05,48.25149700598802,65.76646706586827,28.077844311377245,6.133532934131736,1.0162275449101796,2.649101796407185,8.858083832335328,0.6,710.7431137724551,58.706586826347305,29.22982035928144,0.173,7.226347305389221,106.92215568862277
131,2020-07-12,45.273809523809526,60.80357142857143,32.0,5.132142857142857,1.020952380952381,2.5113095238095235,7.64702380952381,0.6,711.1089285714286,52.60714285714285,30.68422619047619,0.2154166666666666,8.533928571428572,106.6904761904762
132,2020-07-19,14.660714285714286,74.98809523809524,31.732142857142858,4.783928571428572,0.9357142857142856,2.646428571428572,7.411309523809523,2.1166666666666667,711.9238095238095,55.10119047619048,29.44654761904762,0.188220238095238,8.31547619047619,101.2202380952381
133,2020-07-26,15.0,42.61904761904762,29.476190476190474,2.680357142857143,0.8907738095238096,2.300595238095238,4.920238095238095,1.693452380952381,710.4136904761905,59.73809523809524,28.17934523809524,0.1359761904761904,7.9505952380952385,141.29761904761904
134,2020-08-02,15.0,54.29761904761905,35.81547619047619,2.4886904761904765,0.917559523809524,4.132142857142857,6.607142857142857,1.7613095238095238,712.7309523809524,72.28571428571429,25.67892857142857,0.1287440476190476,7.300595238095238,102.67261904761904
135,2020-08-09,15.0,45.60714285714285,28.142857142857142,1.5672619047619047,0.9235119047619048,1.7535714285714288,3.080952380952381,0.6696428571428571,713.5386904761905,59.19642857142857,28.41809523809524,0.2036964285714285,8.735119047619047,103.73809523809524
136,2020-08-16,15.0,54.32738095238095,29.44047619047619,1.5678571428571426,1.1820238095238096,4.530357142857143,6.069047619047619,0.7,712.4761904761905,56.470238095238095,28.588988095238093,0.2030595238095238,8.16904761904762,92.9047619047619
137,2020-08-23,15.0,47.57738095238095,35.94642857142857,1.9107142857142856,1.1638095238095238,2.824404761904762,4.536904761904762,1.1333333333333333,711.9214285714286,49.88690476190476,29.404940476190475,0.1914107142857143,7.403571428571428,103.0654761904762
138,2020-08-30,15.0,46.79166666666666,4.0,1.738095238095238,1.1735714285714285,1.5952380952380951,3.148809523809524,0.8291666666666667,710.1488095238095,55.25,29.49547619047619,0.1808571428571428,7.2821428571428575,99.28571428571428
139,2020-09-06,17.0,81.80357142857143,4.779761904761905,2.149404761904762,1.1932738095238096,1.9327380952380957,4.039285714285715,1.7928571428571427,713.0601190476191,69.07738095238095,27.730773809523807,0.1239166666666666,7.0875,94.19642857142856
140,2020-09-13,20.321428571428573,69.64285714285714,12.851190476190476,2.086904761904762,1.3332142857142857,2.5351190476190477,4.603571428571429,1.7833333333333334,712.552380952381,74.73214285714286,23.55125,0.0817142857142857,5.999404761904762,101.27380952380952
141,2020-09-20,20.601190476190474,50.73809523809524,32.732142857142854,1.7226190476190475,1.3630357142857144,1.5833333333333333,3.308333333333333,4.167857142857143,714.175,66.82142857142857,24.99875,0.1222797619047619,6.520833333333333,146.77380952380952
142,2020-09-27,21.61904761904762,65.5952380952381,50.660714285714285,2.5672619047619047,1.5301785714285714,1.5107142857142857,4.104166666666667,4.791071428571429,711.6958333333333,53.27976190476191,27.05,0.1730714285714285,6.1875,129.8154761904762
143,2020-10-04,44.29166666666666,57.77976190476191,40.142857142857146,2.5458333333333334,1.3004761904761903,1.6232142857142855,4.150595238095238,1.7982142857142855,715.7833333333334,44.023809523809526,23.83970238095238,0.1659345238095238,7.522619047619047,108.6845238095238
144,2020-10-11,66.0,72.875,39.642857142857146,3.2107142857142854,1.5199404761904762,1.6767857142857143,4.875,1.4392857142857145,712.5851190476191,37.875,26.24857142857143,0.1602321428571428,5.6375,150.64880952380952
145,2020-10-18,66.0,67.75595238095238,14.821428571428571,2.9047619047619047,1.4257738095238095,1.7613095238095238,4.594642857142857,1.1279761904761905,713.6339285714286,53.92857142857143,26.01077380952381,0.1281547619047619,6.567261904761905,116.04761904761904
146,2020-10-25,66.0,67.00595238095238,9.38095238095238,2.3345238095238097,1.4002380952380953,2.3523809523809525,4.661309523809524,0.8261904761904763,712.1125,64.48809523809524,25.014702380952382,0.1170416666666666,6.9375,103.98809523809524
147,2020-11-01,42.11904761904762,59.18452380952381,14.30952380952381,3.1380952380952385,1.367916666666667,2.9666666666666663,6.093452380952381,0.5,715.1720238095238,52.75595238095238,18.72744047619048,0.1261547619047619,7.193452380952381,96.91666666666669
148,2020-11-08,11.535714285714286,57.49404761904762,26.154761904761905,2.669047619047619,1.333392857142857,2.142857142857143,4.814880952380952,0.7904761904761906,716.625,56.29761904761905,20.849166666666665,0.1304345238095238,6.699404761904762,99.42857142857144
149,2020-11-15,18.98809523809524,58.410714285714285,23.49404761904762,2.725,1.5576190476190477,2.236904761904762,4.948809523809524,1.125595238095238,711.9886904761905,65.67261904761905,23.430892857142855,0.0958214285714285,6.413690476190476,106.24404761904762
150,2020-11-22,12.148809523809524,65.66071428571429,26.55952380952381,2.135119047619048,1.3299404761904765,1.630952380952381,3.632738095238095,0.7494047619047619,718.9821428571429,66.44047619047619,20.42720238095238,0.0791488095238095,6.744642857142857,113.72619047619048
151,2020-11-29,23.672619047619047,98.11309523809524,5.279761904761905,3.5267857142857144,1.6317857142857142,2.2303571428571427,5.741071428571429,0.6130952380952381,713.1797619047619,55.99404761904762,22.018630952380956,0.1058214285714285,6.773809523809524,108.20238095238096
152,2020-12-06,19.726190476190474,74.125,4.916666666666667,2.8238095238095235,1.3675595238095235,1.8494047619047616,4.629166666666667,0.5,717.9017857142857,41.22619047619048,12.797619047619047,0.1136964285714285,7.041666666666667,110.19642857142856
153,2020-12-13,17.511904761904763,111.01190476190476,4.940476190476191,13.489285714285714,1.8946428571428573,13.423809523809522,12.870238095238092,0.7208333333333333,714.697619047619,40.25,19.570416666666667,0.1102499999999999,5.711309523809524,173.36309523809524
154,2020-12-20,14.347305389221557,111.19161676646706,17.25748502994012,15.8125748502994,1.6574850299401198,15.809580838323352,15.208383233532937,3.1,715.7005988023952,38.36526946107784,15.358982035928143,0.1153592814371257,6.563473053892215,114.39520958083833
155,2020-12-27,17.613095238095237,97.70833333333331,24.529761904761905,15.86904761904762,1.7477380952380952,15.813095238095238,15.217261904761903,3.1000000000000005,715.979761904762,34.38690476190476,15.46309523809524,0.0972142857142857,5.675,157.98214285714286
156,2021-01-03,15.86904761904762,73.92261904761905,26.464285714285715,16.060714285714287,1.518154761904762,16.14404761904762,15.338690476190475,3.1000000000000005,712.6226190476191,53.44642857142857,15.197440476190476,0.1068214285714285,7.51547619047619,151.17261904761904
157,2021-01-10,12.583333333333334,70.05952380952381,25.80952380952381,15.983333333333334,1.7748214285714288,16.045833333333334,15.3,3.1000000000000005,715.6690476190475,48.523809523809526,15.49261904761905,0.0997797619047619,6.819642857142857,134.5595238095238
158,2021-01-17,14.291666666666666,80.49404761904762,25.636904761904763,15.956547619047615,1.7809523809523808,16.01011904761905,15.3,3.1000000000000005,717.4869047619047,44.55952380952381,12.69309523809524,0.1014999999999999,6.384523809523809,142.875
159,2021-01-24,21.779761904761905,94.2797619047619,17.928571428571427,15.970238095238097,2.1124404761904763,16.13511904761905,15.3,3.1000000000000005,712.9994047619048,70.88095238095238,17.721011904761905,0.0843988095238095,5.27202380952381,120.03571428571428
160,2021-01-31,13.11904761904762,80.88095238095238,15.696428571428571,16.09166666666667,1.770714285714286,16.285714285714285,15.3,3.1000000000000005,714.2732142857143,44.845238095238095,19.89958333333333,0.1241547619047619,7.376190476190477,107.8154761904762
161,2021-02-07,13.327380952380953,82.91666666666667,14.517857142857142,16.085714285714285,1.6897619047619048,16.258928571428573,15.37797619047619,3.1000000000000005,712.7755952380952,41.54761904761905,19.412261904761905,0.1216785714285714,6.851785714285714,103.5952380952381
162,2021-02-14,13.464285714285714,72.07738095238095,6.035714285714286,15.961309523809524,1.7617261904761907,16.242857142857144,15.404761904761903,3.1000000000000005,712.0529761904761,75.10714285714286,13.599107142857145,0.0635416666666666,7.215476190476191,88.94642857142857
163,2021-02-21,10.988095238095235,52.83928571428572,10.595238095238097,15.929166666666664,1.5996428571428571,15.992261904761904,15.296428571428573,3.1000000000000005,716.4696428571428,57.767857142857146,7.432738095238095,0.1325892857142857,7.555952380952381,99.52380952380952
164,2021-02-28,18.017857142857142,80.94642857142857,16.470238095238095,21.999404761904763,2.063869047619048,21.719047619047625,36.32559523809524,1.325,712.1059523809524,57.023809523809526,22.560714285714283,0.1313630952380952,6.454761904761905,103.64880952380952
165,2021-03-07,11.714285714285714,74.20238095238095,23.761904761904763,22.73333333333333,2.161488095238095,18.43452380952381,37.52976190476191,4.450595238095239,715.9279761904761,47.648809523809526,18.527738095238096,0.1365238095238095,8.32202380952381,87.32738095238095
166,2021-03-14,18.386904761904763,79.10714285714286,25.63095238095238,10.619642857142855,1.8643452380952377,5.5125,14.145238095238096,2.2464285714285714,714.3809523809524,62.58928571428572,21.62708333333333,0.1138928571428571,7.713095238095238,93.42261904761904
167,2021-03-21,19.922619047619047,102.21428571428572,33.26190476190476,11.548809523809524,1.741607142857143,5.024404761904762,14.561904761904762,2.574404761904762,713.7279761904762,36.73214285714285,21.937916666666663,0.166422619047619,8.269047619047619,109.23214285714286
168,2021-03-28,17.547619047619047,103.2797619047619,32.19642857142857,11.779761904761903,1.995,5.525595238095238,15.695238095238096,1.0,708.5761904761905,36.023809523809526,23.561666666666667,0.1103511904761904,7.4452380952380945,86.46428571428571
169,2021-04-04,14.458333333333334,70.61309523809524,28.27380952380953,10.167857142857144,1.7171428571428573,5.379166666666667,13.527380952380952,1.0,716.7202380952381,61.85119047619048,18.62803571428572,0.0882321428571428,9.33809523809524,78.35714285714286
170,2021-04-11,20.196428571428573,91.98809523809524,27.47023809523809,11.99702380952381,1.668095238095238,7.579761904761905,17.576785714285716,1.0,708.2720238095238,43.458333333333336,27.27065476190476,0.1747202380952381,8.794642857142858,109.10119047619048
171,2021-04-18,28.59523809523809,85.97619047619048,27.517857142857142,9.3,1.2586309523809522,5.930357142857143,13.210714285714284,1.7470238095238095,709.9434523809524,64.01190476190476,24.057440476190475,0.1079047619047619,9.307142857142855,79.66071428571429
172,2021-04-25,12.37125748502994,73.64071856287426,34.01197604790419,12.647305389221556,0.5260479041916167,7.611377245508981,18.266467065868262,1.7946107784431138,711.9185628742515,49.94011976047904,23.300958083832334,0.1572215568862275,8.897005988023952,99.75449101796409
173,2021-05-02,24.946428571428573,87.82142857142857,32.648809523809526,11.701190476190476,0.5977976190476191,7.719047619047619,17.425595238095237,1.1,709.0601190476191,52.67857142857143,26.66994047619048,0.1466130952380952,9.095238095238097,97.17857142857144
174,2021-05-09,17.357142857142858,74.1547619047619,33.982142857142854,11.780357142857142,0.5508333333333334,5.876190476190477,15.664880952380951,1.1,710.7208333333334,48.48809523809524,28.046726190476196,0.1674821428571428,9.625595238095238,93.0297619047619
175,2021-05-16,17.63095238095238,58.75595238095238,26.511904761904763,10.242261904761904,0.6461309523809524,7.510119047619048,15.757142857142856,1.1,713.0154761904762,66.68452380952381,24.512797619047618,0.1130595238095238,9.533333333333331,81.57738095238095
176,2021-05-23,18.964285714285715,73.69047619047619,35.55357142857143,10.792857142857144,0.5624404761904762,5.7648809523809526,14.641071428571427,1.1,710.3119047619048,56.25,25.85017857142857,0.1667321428571428,9.314285714285711,88.4047619047619
177,2021-05-30,20.56547619047619,67.29761904761905,25.47023809523809,8.625,0.5882142857142858,5.39702380952381,12.01845238095238,1.1,712.1470238095238,62.67261904761905,27.08607142857143,0.1541845238095238,10.055952380952382,78.45833333333333
178,2021-06-06,18.68452380952381,60.88690476190476,30.154761904761905,8.364880952380952,0.6019047619047619,5.026785714285714,12.051190476190476,3.95,711.7803571428572,64.55952380952381,25.71547619047619,0.1534702380952381,8.438690476190477,105.9047619047619
179,2021-06-13,21.94047619047619,72.2202380952381,27.48809523809524,9.776785714285714,0.8595833333333334,6.448214285714285,14.220833333333331,3.9,710.8345238095238,53.63690476190476,30.311309523809523,0.2002619047619047,9.524404761904762,85.30357142857143
180,2021-06-20,16.154761904761905,60.92261904761905,30.785714285714285,10.68154761904762,1.4961904761904763,6.743452380952381,15.44345238095238,3.9,712.0511904761905,50.19642857142857,28.54130952380952,0.1846904761904761,8.657142857142858,108.9404761904762
181,2021-06-27,21.11309523809524,71.69642857142857,27.75595238095238,9.38095238095238,1.5236904761904762,6.780952380952381,14.16607142857143,3.9,710.4398809523809,63.85119047619048,27.938333333333336,0.164375,9.364285714285714,89.67857142857143
182,2021-07-04,16.5,52.708333333333336,22.732142857142858,9.073214285714286,1.3414880952380952,7.495833333333333,14.570833333333336,3.9,712.2333333333333,64.73809523809524,26.910297619047626,0.1639345238095238,8.885714285714286,80.95238095238095
183,2021-07-11,19.86904761904762,62.625,19.607142857142858,10.120238095238095,1.423154761904762,8.880357142857143,17.008928571428573,3.9,711.447619047619,70.08928571428571,26.328869047619047,0.118047619047619,8.111904761904762,102.88690476190476
184,2021-07-18,20.34523809523809,80.29761904761905,20.34523809523809,7.822619047619048,1.3486904761904763,6.526785714285714,12.342261904761903,0.9702380952380952,714.3053571428571,60.05357142857143,27.40690476190476,0.1838690476190476,9.752380952380951,81.73214285714286
185,2021-07-25,22.23809523809524,78.20833333333333,25.09523809523809,9.757142857142858,1.4280357142857143,7.865476190476191,15.625595238095238,0.7,714.0869047619047,59.27976190476191,28.00440476190476,0.1705357142857143,8.511309523809524,93.20833333333331
186,2021-08-01,20.80952380952381,62.10714285714285,24.779761904761905,10.045833333333334,1.410238095238095,8.00952380952381,16.058333333333334,0.7446808510638298,713.8279761904762,57.69642857142857,28.1575,0.18725,8.717261904761905,78.19047619047619
187,2021-08-08,21.83333333333333,61.74404761904762,22.726190476190474,10.276190476190475,1.4988095238095238,9.544642857142858,17.82916666666667,0.7446808510638298,713.3214285714286,63.05357142857143,27.47547619047619,0.1436190476190476,8.25297619047619,72.69642857142857
188,2021-08-15,17.113095238095237,54.142857142857146,25.61309523809524,7.702380952380952,1.3513690476190476,5.309523809523809,11.002380952380951,0.7446808510638298,713.8279761904762,55.69047619047619,28.84422619047619,0.1937142857142857,9.527380952380952,82.67857142857143
189,2021-08-22,16.291666666666668,52.42857142857143,23.44047619047619,7.513690476190476,1.4032738095238095,5.675,11.17797619047619,0.7446808510638298,711.4875,57.42261904761905,29.110714285714288,0.1904523809523809,10.239880952380952,80.41666666666667
190,2021-08-29,13.208333333333334,58.86111111111112,20.95833333333333,8.094444444444443,1.377222222222222,6.673611111111111,12.727777777777778,0.7446808510638298,712.8763888888889,53.25,28.713472222222222,0.1945507246376811,10.12361111111111,79.40277777777777
